BM_CODE,BRANCH_NAME,REGION,CREATED_AT
BM10034,"IIFL_BM10034_BERHAMPUR GOSANIGOAN ROAD_OD",EAST,"2026-09-19 16:38:30"
BM10495,"IIFL_BM10495_CHHATRAPATI SAMBHAJI NAGAR ADALAT ROAD_MH","WEST 1","2026-09-19 16:38:30"
BM10507,"IIFL_BM10507_BELDANGA CHAPAKHANA MORE_WB",CENTRAL,"2026-09-19 16:38:30"
BM10509,"IIFL_BM10509_DHORAJI JETPUR ROAD_GJ",CENTRAL,"2026-09-19 16:38:30"
BM10510,IIFL_BM10510_MORENA_MP,CENTRAL,"2026-09-19 16:38:30"
BM10523,IIFL_BM10523_BEHROR-ALWAR_RJ,"NORTH 2","2026-09-19 16:38:30"
BM10536,"IIFL_BM10536_BARGARH JAYASINGH MARKET COMPLEX_OD",EAST,"2026-09-19 16:38:30"
BM10537,"IIFL_BM10537_INDORE JAIL ROAD_MP",CENTRAL,"2026-09-19 16:38:30"
BM10544,NULL,Unknown,"2026-09-19 16:58:18"
BM10548,"IIFL_BM10548_PATNA SULTANGANJ_BR","NORTH 1","2026-09-19 16:38:30"
BM10549,"IIFL_BM10549_CHENNAI TRIPLICANE MOHO_TN","SOUTH 2","2026-09-19 16:38:30"
BM10552,"IIFL_BM10552_NALAGOLA BUS STAND_WB",EAST,"2026-09-19 16:38:30"
BM10553,"IIFL_BM10553_SHAHPUR PANDIT NAKA_MH","WEST 1","2026-09-19 16:38:30"
BM10554,"IIFL_BM10554_TAPAN DAKSHIN DINAJPUR_WB",EAST,"2026-09-19 16:38:30"
BM10556,"IIFL_BM10556_BILASIPARA N.S. ROAD _AS",EAST,"2026-09-19 16:38:30"
BM10557,"IIFL_BM10557_SHAH SHAB GUTTA MAHABUBNAGAR_TL","SOUTH 1","2026-09-19 16:38:30"
BM10558,"IIFL_BM10558_GURGAON SADAR BAZAR_HR","NORTH 1","2026-09-19 16:38:30"
BM10561,"IIFL_BM10561_MALAD-ADARSH COLONY ROAD _MH","WEST 1","2026-09-19 16:38:30"
BM10562,"IIFL_BM10562_HAZARIBAGH MATWARI_JH","NORTH 1","2026-09-19 16:38:30"
BM10563,"IIFL_BM10563_SILAPATHAR THANA ROAD_AS",EAST,"2026-09-19 16:38:30"
BM10564,"IIFL_BM10564_MURSHIDABAD ISLAMPUR_WB",EAST,"2026-09-19 16:38:30"
BM10565,"IIFL_BM10565_NAGAR BADSAHI ROAD_WB",EAST,"2026-09-19 16:38:30"
BM10567,"IIFL_BM10567_NAWABPET-MAHABUBNAGAR ROAD_TL","SOUTH 1","2026-09-19 16:38:30"
BM10570,NULL,Unknown,"2026-09-19 16:58:18"
BM10571,"IIFL_BM10571_TEZPUR MISSION CHARIALI_AS",EAST,"2026-09-19 16:38:30"
BM10572,"IIFL_BM10572_PALTAN BAZAR NEPALI MANDIR_AS",EAST,"2026-09-19 16:38:30"
BM10573,"IIFL_BM10573_IBRAHIMPATNAM MAIN ROAD_TL","SOUTH 1","2026-09-19 16:38:30"
BM10574,"IIFL_BM10574_TELKAPALLE-MAIN ROAD_TL","SOUTH 1","2026-09-19 16:38:30"
BM10575,"IFL_BM10575_CHANDAULI SANJAY NAGAR_UP","NORTH 1","2026-09-19 16:38:30"
BM10576,"IIFL_BM10576_LUCKNOW CHINHAT_UP","NORTH 1","2026-09-19 16:38:30"
BM10577,"IIFL_BM10577_KHATUALI MUZAFFARNAGAR_UP","NORTH 1","2026-09-19 16:38:30"
BM10578,"IIFL_BM10578_MIRZAPUR CHAUBE TOLA_UP","NORTH 1","2026-09-19 16:38:30"
BM10579,"IIFL_BM10579_JALPAIGURI UKILPARA NEW_WB",EAST,"2026-09-19 16:38:30"
BM10581,"IIFL_BM10581_JAIPUR GANDHIPATH LALARPURA_RJ","NORTH 2","2026-09-19 16:38:30"
BM10582,"IIFL_BM10582_VINUKONDA MURALI NAGAR_AP","SOUTH 1","2026-09-19 16:38:30"
BM10583,"IIFL_BM10583_SHADNAGAR MAHABUBNAGAR_TL","SOUTH 1","2026-09-19 16:38:30"
BM10584,"IIFL_BM10584_KOYYALAGUDEM KOVVURU_AP","SOUTH 1","2026-09-19 16:38:30"
BM10585,"IIFL_BM10585_GIDDALUR KOTHAPETA ROAD_AP","SOUTH 1","2026-09-19 16:38:30"
BM10586,"IIFL_BM10586_BHUTHPUR-MAHABUBNAGAR ROAD _TL","SOUTH 1","2026-09-19 16:38:30"
BM10606,"IIFL_BM10606_DUMKA BHAGALPUR ROAD_JH","NORTH 1","2026-09-19 16:38:30"
BM10608,"IIFL_BM10608_MOGRAHAT BAZAR_WB",EAST,"2026-09-19 16:38:30"
BM10609,"IIFL_BM10609_KOTULPUR BANKURA_WB",EAST,"2026-09-19 16:38:30"
BM10611,"IIFL_BM10611_BAGKALA KIROLI AGRA_UP","NORTH 1","2026-09-19 16:38:30"
BM10612,"IIFL_BM10612_BHADOHI STATION ROAD_UP","NORTH 1","2026-09-19 16:38:30"
BM10613,"IIFL_BM10613_KALYANDURG_VALMIKI CIRCLE_AP","SOUTH 1","2026-09-19 16:38:30"
BM10614,"IIFL_BM10614_RAYADURG TERU BAZAR_AP","SOUTH 1","2026-09-19 16:38:30"
BM10615,"IIFL_BM10615_FULIA BUS STAND_WB",EAST,"2026-09-19 16:38:30"
BM10616,"IIFL_BM10616_ISAGARH MAIN ROAD_MP",CENTRAL,"2026-09-19 16:38:30"
BM10617,"IIFL_BM10617_BADARWAS AB ROAD_MP",CENTRAL,"2026-09-19 16:38:30"
BM10618,"IIFL_BM10618_MAHASAMUND SR PLAZA_CG",EAST,"2026-09-19 16:38:30"
BM10619,"IIFL_BM10619_BUDHANA MUZAFFAR NAGAR_UP","NORTH 1","2026-09-19 16:38:30"
BM10620,"IIFL_BM10620_SAHARANPUR AMBALA ROAD_UP","NORTH 1","2026-09-19 16:38:30"
BM10624,"IIFL_BM10624_LOKAPUR KADARAKOPPA ROAD_KTK","SOUTH 3","2026-09-19 16:38:30"
BM10625,"IIFL_BM10625_MUZAFFARPUR AHIYAPUR_BR","NORTH 1","2026-09-19 16:38:30"
BM10626,"IIFL_BM10626_SILWANI PURANA BUS STAND_MP",CENTRAL,"2026-09-19 16:38:30"
BM10627,"IIFL_BM10627_YELBURGA OLD BAZAR ROAD_KTK","SOUTH 3","2026-09-19 16:38:30"
BM10628,"IIFL_BM10628_CHELUR BAGEPALLI ROAD_KTK","SOUTH 3","2026-09-19 16:38:30"
BM10629,"IIFL_BM10629_REWA SAMAN TIRAHA_MP",CENTRAL,"2026-09-19 16:38:30"
BM10630,"IIFL_BM10630_VEMAGAL NARASAPURA ROAD_KTK","SOUTH 3","2026-09-19 16:38:30"
BM10631,"IIFL_BM10631_BIJINAPALLE-NAGARKURNOOL ROAD_TL","SOUTH 1","2026-09-19 16:38:30"
BM10632,"IIFL_BM10632_JOGIPET BHAGATSINGH ROAD_TL","SOUTH 1","2026-09-19 16:38:30"
BM10633,"IIFL_BM10633_SADASIVAPETA MAIN ROAD_TL","SOUTH 1","2026-09-19 16:38:30"
BM10634,"IIFL_BM10634_HINDUPUR D L Road_AP","SOUTH 1","2026-09-19 16:38:30"
BM10635,"IIFL_BM10635_DABRA CIVIL COURT_MP",CENTRAL,"2026-09-19 16:38:30"
BM10636,"IIFL_BM10636_NOVRANG PARASIA-CHHINDWARA_MP",CENTRAL,"2026-09-19 16:38:30"
BM10637,"IIFL_BM10637_KHARAGPUR MALANCHA ROAD_WB",EAST,"2026-09-19 16:38:30"
BM10638,"IIFL_BM10638_PATNA KANKARBAGH_BR","NORTH 1","2026-09-19 16:38:30"
BM10639,"IIFL_BM10639_BELLARI_COWL BAZAAR_KTK","SOUTH 3","2026-09-19 16:38:30"
BM10640,"IIFL_BM10640_CHOURAI CHAMAN GHATI_MP",CENTRAL,"2026-09-19 16:38:30"
BM10641,"IIFL_BM10641_MALDA RATUA_WB",EAST,"2026-09-19 16:38:30"
BM10642,"IIFL_BM10642_PIPLOD GODHRA ROAD_GJ",CENTRAL,"2026-09-19 16:38:30"
BM10643,"IIFL_BM10643_BAHU PLAZA NORTH BLOCK_JAMMU_J&K","NORTH 1","2026-09-19 16:38:30"
BM10644,"IIFL_BM10644_SURENDRA NAGAR_GJ",CENTRAL,"2026-09-19 16:38:30"
BM10645,IIFL_BM10645_HUMNABAD_BIDAR_KTK,"SOUTH 3","2026-09-19 16:38:30"
BM10646,"IIFL_BM10646_KARLAPALEM MAIN ROAD_AP","SOUTH 1","2026-09-19 16:38:30"
BM10648,"IIFL_BM10648_FARAKKA NTPC MORE_WB",EAST,"2026-09-19 16:38:30"
BM10649,"IIFL_BM10649_TALLAPUDI MAIN ROAD_AP","SOUTH 1","2026-09-19 16:38:30"
BM10651,"IIFL_BM10651_ABAD _SARDAR CHOWK_BAPA SITARAM ROAD_GJ",CENTRAL,"2026-09-19 16:38:30"
BM10652,"IIFL_BM10652_GAJENDRAGAD TOWN GADAG_KTK","SOUTH 3","2026-09-19 16:38:30"
BM10653,NULL,Unknown,"2026-09-19 16:58:18"
BM10655,"IIFL_BM10655_SAHIBGANJ JN ROY ROAD_JH","NORTH 1","2026-09-19 16:38:30"
BM10656,"IIFL_BM10656_MEDININAGAR AGM TOWER_JH","NORTH 1","2026-09-19 16:38:30"
BM10657,"IIFL_BM10657_DELHI HASTSAL_DL","NORTH 1","2026-09-19 16:38:30"
BM10658,"IIFL_BM10658_RINGUS MAIN CITY ROAD_RJ","NORTH 2","2026-09-19 16:38:30"
BM10667,"IIFL_BM10667_BILAGI BAGALKOT_KTK","SOUTH 3","2026-09-19 16:38:30"
BM10668,"IIFL_BM10668_TRIPURA BELONIA MAIN ROAD_TR",EAST,"2026-09-19 16:38:30"
BM10669,"IIFL_BM10669_SAMBHAJI NAGAR ABC CLASSIC_MH","WEST 1","2026-09-19 16:38:30"
BM10670,"IIFL_BM10670_KALAGHATGI SANKET BHAVAN_KTK","SOUTH 3","2026-09-19 16:38:30"
BM10671,"IIFL_BM10671_BANKAPUR MARKET ROAD_KTK","SOUTH 3","2026-09-19 16:38:30"
BM10672,"IIFL_BM10672_PERESANDRA GUDEBANDA_KTK","SOUTH 3","2026-09-19 16:38:30"
BM10673,"IIFL_BM10673_GORAKHPUR GORAKHNATH TEMPLE _UP","NORTH 1","2026-09-19 16:38:30"
BM10674,"IIFL_BM10674_INDORE FOOTI KOTHI ROAD_MP",CENTRAL,"2026-09-19 16:38:30"
BM10675,IIFL_BM10675_KASGANJ_UP,"NORTH 1","2026-09-19 16:38:30"
BM10677,"IIFL_BM10677_LAKHIMPUR NAI BASTI_UP","NORTH 1","2026-09-19 16:38:30"
BM10678,"IIFL_BM10678_GORAKHPUR KAURIRAM_UP","NORTH 1","2026-09-19 16:38:30"
BM10679,"IIFL_BM10679_KHARAGPUR INDA ROAD_WB",EAST,"2026-09-19 16:38:30"
BM10680,"IIFL_BM10680_VIZAG VARMA COMPLEX MURALINAGAR_AP","SOUTH 1","2026-09-19 16:38:30"
BM10681,"IIFL_BM10681_KOLKATA GAZIPUR-RAJPUR_WB",EAST,"2026-09-19 16:38:30"
BM10682,"IIFL_BM10682_SILIGURI GHUGHUMALI MAIN ROAD_WB",EAST,"2026-09-19 16:38:30"
BM10683,"IIFL_BM10683_MALDA MOTHABARI MAIN ROAD_WB",EAST,"2026-09-19 16:38:30"
BM10685,NULL,Unknown,"2026-09-19 16:58:18"
BM10686,"IIFL_BM10686_VETAPALEM STATION ROAD_AP","SOUTH 1","2026-09-19 16:38:30"
BM10687,"IIFL_BM10687_MADURAI VADIPATTI_TN","SOUTH 2","2026-09-19 16:38:30"
BM10688,"IIFL_BM10688_KISHANGANJ PASCHIM PALI_BR","NORTH 1","2026-09-19 16:38:30"
BM10690,"IIFL_BM10690_KANINA REWARI ROAD_HR","NORTH 1","2026-09-19 16:38:30"
BM10691,"IIFL_BM10691_DELHI SULTANPURI_DL","NORTH 1","2026-09-19 16:38:30"
BM10692,"IIFL_BM10692_MAKTHAL SANGAMBANDA ROAD_TL","SOUTH 1","2026-09-19 16:38:30"
BM10693,"IIFL_BM10693_PEBBAIR KURNOOL ROAD_TL","SOUTH 1","2026-09-19 16:38:30"
BM10694,"IIFL_BM10694_TOSHAM SIWANI ROAD_HR","NORTH 1","2026-09-19 16:38:30"
BM10696,"IIFL_BM10696_MORBI_CAPITAL MARKET_GJ",CENTRAL,"2026-09-19 16:38:30"
BM10697,"IIFL_BM10697_TUKKUGUDA MAIN ROAD_TL","SOUTH 1","2026-09-19 16:38:30"
BM10698,"IIFL_BM10698_DEVADURGA MAIN ROAD_KTK","SOUTH 3","2026-09-19 16:38:30"
BM10700,"IIFL_BM10700_RAJKOT SAI BABA CIRCLE ROLEX ROAD_GJ",CENTRAL,"2026-09-19 16:38:30"
BM10701,"IIFL_BM10701_RAJKOT OLD MORBI ROAD_GJ",CENTRAL,"2026-09-19 16:38:30"
BM10702,"IIFL_BM10702_HYD UPPAL GANDHI STATUE_TL","SOUTH 1","2026-09-19 16:38:30"
BM10703,"IIFL_BM10703_HYD MALLAMPET_TL","SOUTH 1","2026-09-19 16:38:30"
BM10704,"IIFL_BM10704_JALALABAD PNB ROAD_PB","NORTH 1","2026-09-19 16:38:30"
BM10706,"IIFL_BM10706_DUBBAK BY PASS ROAD_TL","SOUTH 1","2026-09-19 16:38:30"
BM10707,"IIFL_BM10707_LUDHIANA CHANDIGARH ROAD_PB","NORTH 1","2026-09-19 16:38:30"
BM10708,"IIFL_BM10708_SHANKAR PLACE LONI GHAZIABAD_UP","NORTH 1","2026-09-19 16:38:30"
BM10709,"IIFL_BM10709_DELHI JAITPUR_DL","NORTH 1","2026-09-19 16:38:30"
BM10710,"IIFL_BM10710_GORAKHPUR TARAMANDAL_UP","NORTH 1","2026-09-19 16:38:30"
BM10711,NULL,Unknown,"2026-09-19 16:58:18"
BM10716,"IIFL_BM10716_SANAWAD JAWAHAR MARG_MP",CENTRAL,"2026-09-19 16:38:30"
BM10723,"IIFL_BM10723_BHAVNAGAR LOKHANDBAZAR_GJ",CENTRAL,"2026-09-19 16:38:30"
BM10724,"IIFL_BM10724_DHUPGURI HIGH SCHOOL JALPAIGURI_WB",EAST,"2026-09-19 16:38:30"
BM10725,"IIFL_BM10725_NITTUR TOWN_KTK","SOUTH 3","2026-09-19 16:38:30"
BM10726,"IIFL_BM10726_MUDDEBIHAL TOWN__KTK","SOUTH 3","2026-09-19 16:38:30"
BM10727,"IIFL_BM10727_RAYACHOTI ANNAMAYYA_AP","SOUTH 1","2026-09-19 16:38:30"
BM10728,"IIFL_BM10728_SHIKARIPURA S S ROAD_KTK","SOUTH 3","2026-09-19 16:38:30"
BM10729,"IIFL_BM10729_NANDYAL_GOVERNMENT HOSPITAL ROAD_AP","SOUTH 1","2026-09-19 16:38:30"
BM10730,"IIFL_BM10730_VALAPADI CUDDALORE MAIN ROAD_TN","SOUTH 2","2026-09-19 16:38:30"
BM10731,"IIFL_BM10731_KADUR_BUS STAND_KTK","SOUTH 3","2026-09-19 16:38:30"
BM10733,NULL,Unknown,"2026-09-19 16:58:18"
BM10734,"IIFL_BM10734_KRISHNALANKA VIJYAWADA_AP","SOUTH 1","2026-09-19 16:38:30"
BM10735,"IIFL_BM10735_MANDAL VISAKHAPATNAM_AP","SOUTH 1","2026-09-19 16:38:30"
BM10736,"IIFL_BM10736_VIZAG-P M PALEM_AP","SOUTH 1","2026-09-19 16:38:30"
BM10737,"IIFL_BM10737_BILASPUR MUNGELIROAD_CG",EAST,"2026-09-19 16:38:30"
BM10738,"IIFL_BM10738_VALAPADY SALEM_TN","SOUTH 2","2026-09-19 16:38:30"
BM10740,"IIFL_BM10740_DARSI PODILI ROAD_AP","SOUTH 1","2026-09-19 16:38:30"
BM10741,"IIFL_BM10741_RAJAHMUNDRY A V APPARAO ROAD_AP","SOUTH 1","2026-09-19 16:38:30"
BM10743,"IIFL_BM10743_ARAMBAGH GOURHATI MORE_WB",EAST,"2026-09-19 16:38:30"
BM10745,"IIFL_BM10745_DELHI ROHINI SECTOR 5 VIJAY VIHAR_DL","NORTH 1","2026-09-19 16:38:30"
BM10746,"IIFL_BM10746_CHAGALAMARRI MUTYALAPADU ROAD_AP","SOUTH 1","2026-09-19 16:38:30"
BM10748,"IIFL_BM10748_BHARUCH_LINK ROAD_GJ",CENTRAL,"2026-09-19 16:38:30"
BM10749,"IIFL_BM10749_DHARMAPURI PERIYAMPATTI _TN","SOUTH 2","2026-09-19 16:38:30"
BM10750,"IIFL_BM10750_ABAD_NEW MANINAGAR_RAMOL_GJ",CENTRAL,"2026-09-19 16:38:30"
BM10754,"IIFL_BM10754_JAIPUR GOVINDPURA KALWAR ROAD_RJ","NORTH 2","2026-09-19 16:38:30"
BM10756,"IIFL_BM10756_BANDA CHAWANI_UP","NORTH 1","2026-09-19 16:38:30"
BM10757,"IIFL_BM10757_SITAPUR LOHAR BAGH_UP","NORTH 1","2026-09-19 16:38:30"
BM10758,"IIFL_BM10758_GHAZIPUR VISHESHWARGANJ_UP","NORTH 1","2026-09-19 16:38:30"
BM10759,"IIFL_BM10759_KATHUA COLLEGE ROAD JAMMU _J&K","NORTH 1","2026-09-19 16:38:30"
BM10761,"IIFL_BM10761_PALWAL ALAWALPUR CHOWK_HR","NORTH 1","2026-09-19 16:38:30"
BM10762,IIFL_BM10762_PANAGARH-BAZAR_WB,EAST,"2026-09-19 16:38:30"
BM10763,"IIFL_BM10763_HYD_KPHB VASANTH NAGAR_TL","SOUTH 1","2026-09-19 16:38:30"
BM10764,"IIFL_BM10764_VENKATA RAMANA COLONY KURNOOL_AP","SOUTH 1","2026-09-19 16:38:30"
BM10765,"IIFL_BM10765_BAREILLY DD PURAM_UP","NORTH 1","2026-09-19 16:38:30"
BM10766,"IIFL_BM10766_KANAS BALIGHAT ROAD_OD",EAST,"2026-09-19 16:38:30"
BM10767,"IIFL_BM10767_VIJAYAWADA PORANKI_AP","SOUTH 1","2026-09-19 16:38:30"
BM10768,"IIFL_BM10768_MALBAZAR NH ROAD_WB",EAST,"2026-09-19 16:38:30"
BM10769,"IIFL_BM10769_HOSUR_THALLY MAIN ROAD_TN","SOUTH 2","2026-09-19 16:38:30"
BM10771,"IIFL_BM10771_CHHATTISGARH BALOD_CG",EAST,"2026-09-19 16:38:30"
BM10772,IIFL_BM10772_KRISHNAGIRI_ANCHETTY_TN,"SOUTH 2","2026-09-19 16:38:30"
BM10773,IIFL_BM10773_ARIYALUR_SENDURAI_TN,"SOUTH 2","2026-09-19 16:38:30"
BM10774,"IIFL_BM10774_MAJDIA_SCHOOL ROAD_WB",EAST,"2026-09-19 16:38:30"
BM10786,"IIFL_BM10786_BASMATH MONDA ROAD_MH","WEST 1","2026-09-19 16:38:30"
BM10788,"IIFL_BM10788_DATIA BUS STAND_MP",CENTRAL,"2026-09-19 16:38:30"
BM10789,"IIFL_BM10789_BASTI KOTWALI ROAD_UP","NORTH 1","2026-09-19 16:38:30"
BM10790,"IIFL_BM10790_FIROZABAD SIRSAGANJ_UP","NORTH 1","2026-09-19 16:38:30"
BM10791,"IIFL_BM10791_RANCHI HARMU ROAD_JH","NORTH 1","2026-09-19 16:38:30"
BM10792,"IIFL_BM10792_KORBA NIHARIKA GL_CG",EAST,"2026-09-19 16:38:30"
BM10793,"IIFL_BM10793_BEGUSARAI SURYA MARKET_BR","NORTH 1","2026-09-19 16:38:30"
BM10795,"IIFL_BM10795_JAIPUR HATHOJ KALWAR ROAD_RJ","NORTH 2","2026-09-19 16:38:30"
BM10805,"IIFL_BM10805_RAIPUR PACHPEDI NAKA _CG",EAST,"2026-09-19 16:38:30"
BM10807,"IIFL_BM10807_BHIMADOLE MAIN ROAD _AP","SOUTH 1","2026-09-19 16:38:30"
BM10808,IIFL_BM10808_KARIMGANJ_SRIBHUMI_AS,EAST,"2026-09-19 16:38:30"
BM10809,"IIFL_BM10809_SBI ATM KARGI DEHRADUN_UK","NORTH 1","2026-09-19 16:38:30"
BM10811,"IIFL_BM10811_VENKATAGIRI KOTA M G ROAD_AP","SOUTH 1","2026-09-19 16:38:30"
BM10812,IIFL_BM10812_BGLR_NAAGARABHAAVI_KTK,"SOUTH 3","2026-09-19 16:38:30"
BM10813,"IIFL_BM10813_KRISHNAGIRI- KALLAVI_TN","SOUTH 2","2026-09-19 16:38:30"
BM10814,"IIFL_BM10814_BOTAD_GADHADA ROAD_GJ",CENTRAL,"2026-09-19 16:38:30"
BM10816,"IIFL_BM10816_FARIDKOT CIRCULAR ROAD_PB","NORTH 1","2026-09-19 16:38:30"
BM10817,"IIFL_BM10817_NARSINGHPUR_SANKAL TIRAHA_MP",CENTRAL,"2026-09-19 16:38:30"
BM10819,"IIFL_BM10819_TEMPLE MG ROAD WARANGAL_TL","SOUTH 1","2026-09-19 16:38:30"
BM10820,IIFL_BM10820_BGLR_GOLLARAHATTI_KTK,"SOUTH 3","2026-09-19 16:38:30"
BM10821,IIFL_BM10821_FAFADIH_RAIPUR_CG,EAST,"2026-09-19 16:38:30"
BM10822,"IIFL_BM10822_GAURIPUR MAIN ROAD_AS",EAST,"2026-09-19 16:38:30"
BM10823,"IIFL_BM10823_NAGAON HAIBORGAON_AS",EAST,"2026-09-19 16:38:30"
BM10824,"IIFL_BM10824_RAJNANDGAON_JAIN BAGICHA ROAD_CG",EAST,"2026-09-19 16:38:30"
BM10826,"IIFL_BM10826_KHAMBHALIA MILAN CHAR RASTA _GJ",CENTRAL,"2026-09-19 16:38:30"
BM10828,"IIFL_BM10828_PAILAPOOL LAKHIPUR ROAD_AS",EAST,"2026-09-19 16:38:30"
BM10829,"IIFL_BM10829_HOWRAH BALLY G.T. ROAD_WB",EAST,"2026-09-19 16:38:30"
BM10836,"IIFL_BM10836_PRAYAGRAJ MUNDERA_UP","NORTH 1","2026-09-19 16:38:30"
BM10837,"IIFL_BM10837_NASHIK JAIL ROAD_MH","WEST 1","2026-09-19 16:38:30"
BM10838,"IIFL_BM10838_PINJORE DESHMESH COLONY_HR","NORTH 1","2026-09-19 16:38:30"
BM10839,"IIFL_BM10839_SIKAR FATEHPUR ROAD_RJ","NORTH 2","2026-09-19 16:38:30"
BM10840,"IIFL_BM10840_MUKUNDGARH_JAIPUR PILANI ROAD_RJ","NORTH 2","2026-09-19 16:38:30"
BM10846,"IIFL_BM10846_PAKUR BHAGATPARA _JH","NORTH 1","2026-09-19 16:38:30"
BM10847,"IIFL_BM10847_ROORKEE CIVIL LINES_UTK","NORTH 1","2026-09-19 16:38:30"
BM10849,"IIFL_BM10849_KHAMMAM MUSTAFA NAGAR_TL","SOUTH 1","2026-09-19 16:38:30"
BM10851,"IIFL_BM10851_BALAKOT ROAD_ DAMOH_MP",CENTRAL,"2026-09-19 16:38:30"
BM10853,IIFL_BM10853_SARGASAN_GANDHINAGAR_GJ,CENTRAL,"2026-09-19 16:38:30"
BM10857,"IIFL_BM10857_INDORE_KALANI NAGAR_MP",CENTRAL,"2026-09-19 16:38:30"
BM10858,"IIFL_BM10858_SHAIKH ROZA MAIN ROAD KALABURGI_KTK","SOUTH 3","2026-09-19 16:38:30"
BM10859,"IIFL_BM10859_KOVIL STREE KARAIKAL_PDY","SOUTH 2","2026-09-19 16:38:30"
BM10861,"IIFL_BM10861_MANDAL BAPATLA GUNTUR_AP","SOUTH 1","2026-09-19 16:38:30"
BM10862,NULL,Unknown,"2026-09-19 16:58:18"
BM10863,"IIFL_BM10863_PORUMAMILLA_AMBEDKAR CIRCLE_AP","SOUTH 1","2026-09-19 16:38:30"
BM10864,IIFL_BM10864_BETUL_MP,CENTRAL,"2026-09-19 16:38:30"
BM10865,"IIFL_BM10865_KHANAPUR TOWN_KTK","SOUTH 3","2026-09-19 16:38:30"
BM10867,IIFL_BM10867_KRISHNAGIRI_MATHUR_TN,"SOUTH 2","2026-09-19 16:38:30"
BM10868,IIFL_BM10868_HIMMATNAGAR_MOTIPURA_GJ,CENTRAL,"2026-09-19 16:38:30"
BM10870,"IIFL_BM10870_JAIPUR PANCHYAWALA SIRSI ROAD_RJ","NORTH 2","2026-09-19 16:38:30"
BM10871,"IIFL_BM10871_REPALLE_PRAKASAM ROAD_AP","SOUTH 1","2026-09-19 16:38:30"
BM10872,IIFL_BM10872_BIAORA_MP,CENTRAL,"2026-09-19 16:38:30"
BM10873,"IIFL_BM10873_VEMULAWADA RAJANNA SIRCILLA_TL","SOUTH 1","2026-09-19 16:38:30"
BM10874,"IIFL_BM10874_MACHERLA_SRISAILAM ROAD_AP","SOUTH 1","2026-09-19 16:38:30"
BM10884,"IIFL_BM10884_BASANTI BAZAR PARA_WB",EAST,"2026-09-19 16:38:30"
BM10885,"IIFL_BM10885_AZARA KAMRUP METRO GUWAHATI_AS",EAST,"2026-09-19 16:38:30"
BM10886,"IIFL_BM10886_HARISHCHANDRAPUR MALDA_WB",EAST,"2026-09-19 16:38:30"
BM10888,"IIFL_BM10888_BHOKAR KINWAT ROAD_MH","WEST 1","2026-09-19 16:38:30"
BM10889,"IIFL_BM10889_CHHATTISGARH CHAMPA_CG",EAST,"2026-09-19 16:38:30"
BM10893,"IIFL_BM10893_JAMSHEDPUR SAKCHI NEW KALIMATI ROAD_JH","NORTH 1","2026-09-19 16:38:30"
BM10894,"IIFL_BM10894_SHAKARPUR VIKAS MARG_DL","NORTH 1","2026-09-19 16:38:30"
BM10895,"IIFL_BM10895_CHENNAI PERIYAPALAYAM _TN","SOUTH 2","2026-09-19 16:38:30"
BM10896,"IIFL_BM10896_ERODE KUMARAPALAYAM GL_TN","SOUTH 2","2026-09-19 16:38:30"
BM10900,"IIFL_BM10900_SILCHAR MEHERPUR_AS",EAST,"2026-09-19 16:38:30"
BM10903,IIFL_BM10903_NATRAMPALLI_TN,"SOUTH 2","2026-09-19 16:38:30"
BM10914,"IIFL_BM10914_TIRUPUR MANGALAM _TN","SOUTH 2","2026-09-19 16:38:30"
BM10915,"IIFL_BM10915_PURULIA THANA ROAD_WB",EAST,"2026-09-19 16:38:30"
BM10917,IIFL_BM10917_NAGARI_CHAVADI_AP,"SOUTH 1","2026-09-19 16:38:30"
BM10918,"IIFL_BM10918_SANTACRUZ WEST MUMBAI_MAHARASHTRA_MH","WEST 1","2026-09-19 16:38:30"
BM10920,"IIFL_BM10920_CHENNAI KUNDRATHUR_TN","SOUTH 2","2026-09-19 16:38:30"
BM10924,"IIFL_BM10924_ROBERTSGANJ_CIVIL LINE ROAD_UP","NORTH 1","2026-09-19 16:38:30"
BM10925,NULL,Unknown,"2026-09-19 16:58:18"
BM10930,"IIFL_BM10930_KATIHAR_MIRCHAIBARI CHOWK_BR","NORTH 1","2026-09-19 16:38:30"
BM10931,IIFL_BM10931_MODHERA_ROAD_GJ,CENTRAL,"2026-09-19 16:38:30"
BM10934,"IIFL_BM10934_VIRAR WEST_MH","WEST 1","2026-09-19 16:38:30"
BM10938,"IIFL_BM10938_BIJAPUR_AASHRAM ROAD_KTK","SOUTH 3","2026-09-19 16:38:30"
BM10939,"IIFL_BM10939_ANDHERI EAST_MUMBAI_MH","WEST 1","2026-09-19 16:38:30"
BM10941,IIFL_BM10941_DHARMAPURI_KARIMANGALAM_TN,"SOUTH 2","2026-09-19 16:38:30"
BM10946,IIFL_BM10946_HOOVINAHADAGALI_KTK,"SOUTH 3","2026-09-19 16:38:30"
BM10947,"IIFL_BM10947_DAKSHIN DINAJPUR_WB",EAST,"2026-09-19 16:38:30"
BM10948,IIFL_BM10948_NAUGAON_OD,EAST,"2026-09-19 16:38:30"
BM10950,"IIFL_BM10950_DADAR WEST_MUMBAI_MH","WEST 1","2026-09-19 16:38:30"
BM10954,"IIFL_BM10954_BHARATPUR THANA ROAD_WB",EAST,"2026-09-19 16:38:30"
BM10956,"IIFL_BM10956_VIZAG-SEETHAMMADHARA ASR STATUE_AP","SOUTH 1","2026-09-19 16:38:30"
BM10967,"IIFL_BM10967_KALIBARI KOKRAJHAR_AS",EAST,"2026-09-19 16:38:30"
BM10972,"IIFL_BM10972_DELHI_ROHINI SECTOR 11_DL","NORTH 1","2026-09-19 16:38:30"
BM10973,"IIFL_BM10973_LAJPAT NAGAR GHAZIABAD_UP","NORTH 1","2026-09-19 16:38:30"
BM10975,IIFL_BM10975_CHAPAR_BAZAR_AS,EAST,"2026-09-19 16:38:30"
BM10992,IIFL_BM10992_MANGLA_BILASPUR_CG,EAST,"2026-09-19 16:38:30"
BM10995,NULL,Unknown,"2026-09-19 16:58:18"
BM10998,IIFL_BM10998_UJJAIN_NANAKHEDA_MP,CENTRAL,"2026-09-19 16:38:30"
BM11007,"IIFL_BM11007_TIKAMGARH_JHANSI ROAD_MP",CENTRAL,"2026-09-19 16:38:30"
BM11009,"IIFL_BM11009_CHIRANG BONGAIGAON_AS",EAST,"2026-09-19 16:38:30"
BM11010,"IIFL_BM11010_HARIPUR HAT_JAJPUR_OD",EAST,"2026-09-19 16:38:30"
BM11030,IIFL_BM11030_KARIMNAGAR_TL,"SOUTH 1","2026-09-19 16:38:30"
BM11031,"IIFL_BM11031_PVNR EXPRESS WAY ATTAPUR HYDERABAD_TL","SOUTH 1","2026-09-19 16:38:30"
BM11042,IIFL_BM11042_KANIGIRI_M.S.R.ROAD__AP,"SOUTH 1","2026-09-19 16:38:30"
BM11057,NULL,Unknown,"2026-09-19 16:58:18"
BM11094,IIFL_BM11094_KANGRA_HP,"NORTH 1","2026-09-19 16:38:30"
BM11116,NULL,Unknown,"2026-09-19 16:58:18"
BM11146,NULL,Unknown,"2026-09-19 16:58:18"
BM11160,NULL,Unknown,"2026-09-19 16:58:18"
BM11177,"IIFL_BM11177_JAGDALPUR MM TOWER_CG",EAST,"2026-09-19 16:38:30"
BM1171,"IIFL_BM1171_SILCHAR-SHILLONG PATTY_AS",EAST,"2026-09-19 16:38:30"
BM1916,"IIFL_BM1916_GUWAHATI_FANCY BAZAR_AS",EAST,"2026-09-19 16:38:30"
BM218,IIFL_BM218_NERUL_MH,"WEST 1","2026-09-19 16:38:30"
BM2935,IIFL_BM2935_SILCHAR_RANGIRKHARI_AS,EAST,"2026-09-19 16:38:30"
BM2993,"IIFL_BM2993_DURG-DURG-STATION ROAD_CG",EAST,"2026-09-19 16:38:30"
BM3098,"IIFL_BM3098_GWALIOR-HAZIRA TANSEN ROAD_MP",CENTRAL,"2026-09-19 16:38:30"
BM3195,"IIFL_BM3195_BILASPUR-BUS STAND ROAD_CG",EAST,"2026-09-19 16:38:30"
BM3463,"IIFL_BM3463_JWELLERS KORBA_CG",EAST,"2026-09-19 16:38:30"
BM3826,"IIFL_BM3826_KARIMGANJA_OLD STATION ROAD_AS",EAST,"2026-09-19 16:38:30"
BM3837,"IIFL_BM3837_BONGAIGAON_BOC GATE_AS",EAST,"2026-09-19 16:38:30"
BM4245,"IIFL_BM4245_DIBRUGARH_RKB PATH_AS",EAST,"2026-09-19 16:38:30"
BM4479,"IIFL_BM4479_NAGAON_A T ROAD_AS",EAST,"2026-09-19 16:38:30"
BM4535,"IIFL_BM4535_JALGAON VISANJI NAGAR_MH","WEST 1","2026-09-19 16:38:30"
BM4781,"IIFL_BM4781_AGARTALA_TRIPURA UDAIPUR TOWN_TR",EAST,"2026-09-19 16:38:30"
BM5092,"IIFL_BM5092_LAXMI NAGAR_DL","NORTH 1","2026-09-19 16:38:30"
BM5420,"IIFL_BM5420_TEZPUR SHYAMA CHARAN ROAD_AS",EAST,"2026-09-19 16:38:30"
BM5433,IIFL_BM5433_NAIHATI_GARIFA_WB,EAST,"2026-09-19 16:38:30"
BM5441,"IIFL_BM5441_HOOGHLY RISHRA_WB",EAST,"2026-09-19 16:38:30"
BM5525,IIFL_BM5525_HOOGHLY_CHINSURAH_WB,EAST,"2026-09-19 16:38:30"
BM5579,"IIFL_BM5579_GUWAHATI JALUKBARI _AS",EAST,"2026-09-19 16:38:30"
BM5614,IIFL_BM5614_BALUGAON_OD,EAST,"2026-09-19 16:38:30"
BM5673,"IIFL_BM5673_KOLKATA_RAJARHAT RECKJUANI_WB",EAST,"2026-09-19 16:38:30"
BM5674,IIFL_BM5674_GUWAHATI_BELTOLA_AS,EAST,"2026-09-19 16:38:30"
BM5727,IIFL_BM5727_GUWAHATI_LALGANESH_AS,EAST,"2026-09-19 16:38:30"
BM5728,IIFL_BM5728_MECHEDA_WB,EAST,"2026-09-19 16:38:30"
BM5729,IIFL_BM5729_RAMNAGAR_TALGACHHARI_WB,EAST,"2026-09-19 16:38:30"
BM5731,IIFL_BM5731_HOOGHLY_DANKUNI_WB,EAST,"2026-09-19 16:38:30"
BM5771,"IIFL_BM5771_BALASORE SORO _OD",EAST,"2026-09-19 16:38:30"
BM5776,"IIFL_BM5776_KOLKATA-HARIDEVPUR MG ROAD_WB",EAST,"2026-09-19 16:38:30"
BM5777,"IIFL_BM5777_ASANSOL-COURT MORE_WB",EAST,"2026-09-19 16:38:30"
BM5786,IIFL_BM5786_BISHALGARH_TR,EAST,"2026-09-19 16:38:30"
BM5792,IIFL_BM5792_HOWRAH-ULUBERIA_WB,EAST,"2026-09-19 16:38:30"
BM5797,"IIFL_BM5797_BERHAMPUR_SALE TAX ROAD_OD",EAST,"2026-09-19 16:38:30"
BM5801,IIFL_BM5801_CUTTACK_CHOUDWAR_OD,EAST,"2026-09-19 16:38:30"
BM5809,IIFL_BM5809_AGARTALA_BORDOWALI_TR,EAST,"2026-09-19 16:38:30"
BM5810,"IIFL_BM5810_PURBA MEDINIPUR_HALDIAA_WB",EAST,"2026-09-19 16:38:30"
BM5811,"IIFL_BM5811_GARIA BORAL ROAD_WB",EAST,"2026-09-19 16:38:30"
BM5833,IIFL_BM5833_ASKA_OD,EAST,"2026-09-19 16:38:30"
BM5842,"IIFL_BM5842_KOLKATA_THAKURPUKURA BAZARA_WB",EAST,"2026-09-19 16:38:30"
BM5849,"IIFL_BM5849_ROURKELA_KOEL NAGAR_OD",EAST,"2026-09-19 16:38:30"
BM5888,"IIFL_BM5888_RAEBARELI DEGREE COLLEGE_UP","NORTH 1","2026-09-19 16:38:30"
BM5901,"IIFL_BM5901_KOLKATA BARASAT CHAPADALIA MOREA_WB",EAST,"2026-09-19 16:38:30"
BM5905,"IIFL_BM5905_HALDWANI MUKHANI _UK","NORTH 1","2026-09-19 16:38:30"
BM5908,"IIFL_BM5908_PASCHIM MEDINIPUR-GHATAL KONNAGAR_WB",EAST,"2026-09-19 16:38:30"
BM5939,"IIFL_BM5939_KOLKATA_MANIKTALA RAMMOHAN ROY ROAD_WB",EAST,"2026-09-19 16:38:30"
BM5940,"IIFL_BM5940_BAGULA COLLEGE ROAD_WB",EAST,"2026-09-19 16:38:30"
BM5987,IIFL_BM5987_PANDUA_WB,EAST,"2026-09-19 16:38:30"
BM5993,"IIFL_BM5993_CUTTACK CHANDIMANDIR_OD",EAST,"2026-09-19 16:38:30"
BM5995,"IIFL_BM5995_GHAZIABAD_SANJAY NAGAR_UP","NORTH 1","2026-09-19 16:38:30"
BM6008,"IIFL_BM6008_RISALI BHILAI DURG_CG",EAST,"2026-09-19 16:38:30"
BM6040,"IIFL_BM6040_DIAMOND HARBOUR_MADHABPUR_WB",EAST,"2026-09-19 16:38:30"
BM6041,IIFL_BM6041_RAJNILAGIRI_BALASORE_OD,EAST,"2026-09-19 16:38:30"
BM6043,IIFL_BM6043_BHUBANESWAR_KHANDAGIRI_OD,EAST,"2026-09-19 16:38:30"
BM6046,"IIFL_BM6046_HARIDWAR-RANIPUR CHOWK_UK","NORTH 1","2026-09-19 16:38:30"
BM6060,"IIFL_BM6060_TALCHER_BYPASS CHHAK_OD",EAST,"2026-09-19 16:38:30"
BM6076,"IIFL_BM6076_ROORKEE RAMNAGAR_UK","NORTH 1","2026-09-19 16:38:30"
BM6088,"IIFL_BM6088_NADIA TEHATTA_WB",EAST,"2026-09-19 16:38:30"
BM6092,IIFL_BM6092_RAHAMA_OD,EAST,"2026-09-19 16:38:30"
BM6093,IIFL_BM6093_TANGI_OD,EAST,"2026-09-19 16:38:30"
BM6103,IIFL_BM6103_GAZOLE-MALDA_WB,EAST,"2026-09-19 16:38:30"
BM6104,"IIFL_BM6104_RUDRAPUR UK-SOLANKI HEIGHTS_UTK","NORTH 1","2026-09-19 16:38:30"
BM6127,IIFL_BM6127_MANGALDAI_DARRANG_AS,EAST,"2026-09-19 16:38:30"
BM6129,"IIFL_BM6129_SUNDERGARH_AAMBA TOWER_OD",EAST,"2026-09-19 16:38:30"
BM6132,IIFL_BM6132_DHULIYAN_SAMSERGANJ_WB,EAST,"2026-09-19 16:38:30"
BM6142,"IIFL_BM6142_TINSUKIA_THANA CHARALI_AS",EAST,"2026-09-19 16:38:30"
BM6147,IIFL_BM6147_BURDWAN-BABURBAG_WB,EAST,"2026-09-19 16:38:30"
BM6153,"IIFL_BM6153_JAGATSINGHPUR MAHALAKSHMI COMPLEX_OD",EAST,"2026-09-19 16:38:30"
BM6176,"IIFL_BM6176_MORADABAD_EIDGAH ROAD_UP","NORTH 1","2026-09-19 16:38:30"
BM6188,IIFL_BM6188_KAKDWIP_RATHTALA_WB,EAST,"2026-09-19 16:38:30"
BM6195,"IIFL_BM6195_KARIMPUR NADIA_WB",EAST,"2026-09-19 16:38:30"
BM6215,"IIFL_BM6215_LUCKNOW KURSI ROAD_UP","NORTH 1","2026-09-19 16:38:30"
BM6226,"IIFL_BM6226_GUWAHATI_ZOO ROAD_AS",EAST,"2026-09-19 16:38:30"
BM6235,"IIFL_BM6235_KASHIPUR-NH 74_UTK","NORTH 1","2026-09-19 16:38:30"
BM6239,"IIFL_BM6239_BARRACKPORE CHIRIAMORE_WB",EAST,"2026-09-19 16:38:30"
BM6260,IIFL_BM6260_HAJIPUR_BR,"NORTH 1","2026-09-19 16:38:30"
BM6261,IIFL_BM6261_CUTTACK_SATICHOURA_OD,EAST,"2026-09-19 16:38:30"
BM6264,"IIFL_BM6264_TITAGARH-ANGEL HOUSE_WB",EAST,"2026-09-19 16:38:30"
BM6265,IIFL_BM6265_BERHAMPORE_COSSIMBAZAR_WB,EAST,"2026-09-19 16:38:30"
BM6266,"IIFL_BM6266_DALKHOLA_GANGULY MARKET_WB",EAST,"2026-09-19 16:38:30"
BM6267,IIFL_BM6267_JIAGANJ_WB,EAST,"2026-09-19 16:38:30"
BM6274,IIFL_BM6274_TELIAMURA_TR,EAST,"2026-09-19 16:38:30"
BM6282,IIFL_BM6282_DEVIPURA_SIKAR_RJ,"NORTH 2","2026-09-19 16:38:30"
BM6290,"IIFL_BM6290_GARIA_STATION ROAD_WB",EAST,"2026-09-19 16:38:30"
BM6295,IIFL_BM6295_NABADWIP_WB,EAST,"2026-09-19 16:38:30"
BM6296,"IIFL_BM6296_MIDNAPUR CK ROAD_WB",EAST,"2026-09-19 16:38:30"
BM6298,IIFL_BM6298_BIRATI_PATANPUR_WB,EAST,"2026-09-19 16:38:30"
BM6313,"IIFL_BM6313_DEHRADUN_SHIMLA BY PASS ROAD_UTK","NORTH 1","2026-09-19 16:38:30"
BM6324,"IIFL_BM6324_SAHARANPUR_COURT RAOD_UP","NORTH 1","2026-09-19 16:38:30"
BM6330,IIFL_BM6330_BISWANATHCHARIALI_AS,EAST,"2026-09-19 16:38:30"
BM6337,IIFL_BM6337_MIDNAPUR_CHANDIPUR_WB,EAST,"2026-09-19 16:38:30"
BM6345,"IIFL_BM6345_CHANCHAL_BUS STAND_WB",EAST,"2026-09-19 16:38:30"
BM6349,"IIFL_BM6349_GAJRAULA STATION ROAD_UP","NORTH 1","2026-09-19 16:38:30"
BM6358,"IIFL_BM6358_MEERUT CENTRAL MARKET_UP","NORTH 1","2026-09-19 16:38:30"
BM6382,"IIFL_BM6382_BONGAON_JESSORE ROAD_WB",EAST,"2026-09-19 16:38:30"
BM6388,"IIFL_BM6388_FIROZABAD STATION ROAD_UP","NORTH 1","2026-09-19 16:38:30"
BM6392,"IIFL_BM6392_AGARTALA-KACHARI PATTY_TR",EAST,"2026-09-19 16:38:30"
BM6417,"IIFL_BM6417_MURADNAGAR GHAZIABAD_UP","NORTH 1","2026-09-19 16:38:30"
BM6593,"IIFL_BM6593_BARPETA ROAD_AS",EAST,"2026-09-19 16:38:30"
BM6594,"IIFL_BM6594_AGRA_BY PASS ROAD NH 2_UP","NORTH 1","2026-09-19 16:38:30"
BM6615,"IIFL_BM6615_HANUMAN MANDIR CHARIDEO SIBSAGAR_AS",EAST,"2026-09-19 16:38:30"
BM6618,IIFL_BM6618_HAILAKANDHI_TOWN_AS,EAST,"2026-09-19 16:38:30"
BM6620,"IIFL_BM6620_SHYAM NAGAR_DL","NORTH 1","2026-09-19 16:38:30"
BM6641,"IIFL_BM6641_NORTH LAKHIMPUR_AS",EAST,"2026-09-19 16:38:30"
BM6649,"IIFL_BM6649_HATHRAS_SADABAD GATE_UP","NORTH 1","2026-09-19 16:38:30"
BM6683,"IIFL_BM6683_GHAZIABAD PRATAP VIHAR_UP","NORTH 1","2026-09-19 16:38:30"
BM6684,"IIFL_BM6684_GHAZIABAD MODI NAGAR _UP","NORTH 1","2026-09-19 16:38:30"
BM6685,"IIFL_BM6685_BULANDSHAHR SATHA _UP","NORTH 1","2026-09-19 16:38:30"
BM6691,"IIFL_BM6691_MATHURA SONKH ADDA _UP","NORTH 1","2026-09-19 16:38:30"
BM6695,"IIFL_BM6695_NOIDA_SECTOR 18_UP","NORTH 1","2026-09-19 16:38:30"
BM6702,"IIFL_BM6702_AGRA-DEVRI ROAD_UP","NORTH 1","2026-09-19 16:38:30"
BM6717,"IIFL_BM6717_LUCKNOW GOMTINAGAR _UP","NORTH 1","2026-09-19 16:38:30"
BM6761,"IIFL_BM6761_PONTA_SAHIB SIRMOUR_HP","NORTH 1","2026-09-19 16:38:30"
BM6806,"IIFL_BM6806_SHAMLI_VISHWAKARMA NAGAR_UP","NORTH 1","2026-09-19 16:38:30"
BM6809,IIFL_BM6809_AGARTALA_RAMNAGAR_TR,EAST,"2026-09-19 16:38:30"
BM6812,"IIFL_BM6812_GHAZIABAD_VAISHALI SECTOR 4_UP","NORTH 1","2026-09-19 16:38:30"
BM6826,"IIFL_BM6826_BARPETA TOWN_AS",EAST,"2026-09-19 16:38:30"
BM6828,IIFL_BM6828_MORIGAON_MORIGAON_AS,EAST,"2026-09-19 16:38:30"
BM6842,"IIFL_BM6842_DHEKIAJULI MAIN ROAD_AS",EAST,"2026-09-19 16:38:30"
BM6852,"IIFL_BM6852_BADARPUR-BADARPUR ST ROAD_AS",EAST,"2026-09-19 16:38:30"
BM6856,"IIFL_BM6856_DULIAJAN-DULIAJAN STATION RD_AS",EAST,"2026-09-19 16:38:30"
BM6867,"IIFL_BM6867_FAIZABAD REKABGANJ_UP","NORTH 1","2026-09-19 16:38:30"
BM6900,"IIFL_BM6900_BIJNOR-CIVIL LINES_UP","NORTH 1","2026-09-19 16:38:30"
BM6939,"IIFL_BM6939_KHURJA_MURARI NAGAR_UP","NORTH 1","2026-09-19 16:38:30"
BM6942,IIFL_BM6942_DHEMAJI_TOWN_AS,EAST,"2026-09-19 16:38:30"
BM6972,"IIFL_BM6972_ETAWA_ETAWAH HARSHNAGAR_UP","NORTH 1","2026-09-19 16:38:30"
BM6986,"IIFL_BM6986_HALDWANI_MANGAL PADAV_UTK","NORTH 1","2026-09-19 16:38:30"
BM7013,"IIFL_BM7013_DHUBRI_BOC MORE_AS",EAST,"2026-09-19 16:38:30"
BM7034,"IIFL_BM7034_FARIDABAD PRITHLA_HR","NORTH 1","2026-09-19 16:38:30"
BM7241,"IIFL_BM7241_GHAZIABAD LAL KUAN _UP","NORTH 1","2026-09-19 16:38:30"
BM7308,"IIFL_BM7308_KANNAUJ ASHOK NAGAR _UP","NORTH 1","2026-09-19 16:38:30"
BM7326,"IIFL_BM7326_KANPUR_MALL ROAD_UP","NORTH 1","2026-09-19 16:38:30"
BM7333,"IIFL_BM7333_MORADABAD DELHI ROAD_UP","NORTH 1","2026-09-19 16:38:30"
BM7339,"IIFL_BM7339_AGRA-BODLA ROAD_UP","NORTH 1","2026-09-19 16:38:30"
BM7400,"IIFL_BM7400_BADAUN_INDRA CHOWK_UP","NORTH 1","2026-09-19 16:38:30"
BM7445,IIFL_BM7445_BEHRAICH_DIGIHA_CHOURAHA_UP,"NORTH 1","2026-09-19 16:38:30"
BM7446,IIFL_BM7446_PRATAPGARH_PRATAPGARH_UP,"NORTH 1","2026-09-19 16:38:30"
BM7456,"IIFL_BM7456_SAMBALPUR_GOLE BAZAR_OD",EAST,"2026-09-19 16:38:30"
BM753,"IIFL_BM753_TINSUKIA-ALBS COMPLEX VENUE_AS",EAST,"2026-09-19 16:38:30"
BM7533,IIFL_BM7533_TITILAGARH_OD,EAST,"2026-09-19 16:38:30"
BM7556,"IIFL_BM7556_NAJIBABAD BIJNOR_UP","NORTH 1","2026-09-19 16:38:30"
BM7578,"IIFL_BM7578_JEYPORE-BELL ROAD GL_OD",EAST,"2026-09-19 16:38:30"
BM7606,"IIFL_BM7606_MATHURA BHUTESHWAR ROAD_UP","NORTH 1","2026-09-19 16:38:30"
BM7633,"IIFL_BM7633_LODHA DOMBIVALI EAST THANE_MH","WEST 1","2026-09-19 16:38:30"
BM7634,IIFL_BM7634_KOLKATA_KESTOPUR_WB,EAST,"2026-09-19 16:38:30"
BM7645,"IIFL_BM7645_KEONJHAR_ANANDAPUR GHASIPURA_OD",EAST,"2026-09-19 16:38:30"
BM7646,"IIFL_BM7646_RISHIKESH HARIDWAR ROAD_UTK","NORTH 1","2026-09-19 16:38:30"
BM7648,"IIFL_BM7648_AGRA_SHIKOHABAD KATRA MEER_UP","NORTH 1","2026-09-19 16:38:30"
BM7653,"IIFL_BM7653_FALAKATA SUBHASH PALLY_WB",EAST,"2026-09-19 16:38:30"
BM7674,"IIFL_BM7674_JORHAT TARAJAN AT ROAD_AS",EAST,"2026-09-19 16:38:30"
BM7696,IIFL_BM7696_ANANTAPUR-RAMNAGAR_AP,"SOUTH 1","2026-09-19 16:38:30"
BM7765,IIFL_BM7765_KHURDA_KHORDHA_OD,EAST,"2026-09-19 16:38:30"
BM7785,"IIFL_BM7785_ETAH GT ROAD_UP","NORTH 1","2026-09-19 16:38:30"
BM7789,"IIFL_BM7789_MAGARDAHI SAMASTIPUR_BR","NORTH 1","2026-09-19 16:38:30"
BM7790,IIFL_BM7790_SHARIF_BR,"NORTH 1","2026-09-19 16:38:30"
BM7806,"IIFL_BM7806_NAGINA_GANDHI CHOWK_UP","NORTH 1","2026-09-19 16:38:30"
BM7889,"IIFL_BM7889_SILCHAR TARAPUR_AS",EAST,"2026-09-19 16:38:30"
BM7927,IIFL_BM7927_MAINPURI-MAINPURI_UP,"NORTH 1","2026-09-19 16:38:30"
BM7941,IIFL_BM7941_AGARTALA_MATHCHOWMUHANI_TR,EAST,"2026-09-19 16:38:30"
BM7992,"IIFL_BM7992_NADIA_CHAPRA SRINAGAR MORE_WB",EAST,"2026-09-19 16:38:30"
BM7997,IIFL_BM7997_GAYA_BR,"NORTH 1","2026-09-19 16:38:30"
BM8009,IIFL_BM8009_GUNUPUR_GUNUPUR_OD,EAST,"2026-09-19 16:38:30"
BM8090,IIFL_BM8090_SONEPUR_SONEPUR_OD,EAST,"2026-09-19 16:38:30"
BM8094,"IIFL_BM8094_GOLAGHAT BOKAKHAT TOWN_AS",EAST,"2026-09-19 16:38:30"
BM8101,"IIFL_BM8101_MADANPUR RAMPUR_MADANPUR RAMOUR_OD",EAST,"2026-09-19 16:38:30"
BM8127,IIFL_BM8127_NUAPATANA_NUAPATANA_OD,EAST,"2026-09-19 16:38:30"
BM8137,IIFL_BM8137_ALIPURDUAR_WB,EAST,"2026-09-19 16:38:30"
BM8144,"IIFL_BM8144_BHEEM ASIFABAD_TL","SOUTH 1","2026-09-19 16:38:30"
BM8154,"IIFL_BM8154_KURNOOL BANAGANAPALLI _AP","SOUTH 1","2026-09-19 16:38:30"
BM8167,"IIFL_BM8167_BASIRHAT_COLLAGE PARA_WB",EAST,"2026-09-19 16:38:30"
BM8274,"IIFL_BM8274_LUMDING LANKA ROAD_AS",EAST,"2026-09-19 16:38:30"
BM8477,"IIFL_BM8477_DAKSHIN BARASAT_WB",EAST,"2026-09-19 16:38:30"
BM8616,"IIFL_BM8616_RATANADA JODHAPUR_RJ","NORTH 2","2026-09-19 16:38:30"
BM8637,"IIFL_BM8637_PURI_GOP SOHO_OD",EAST,"2026-09-19 16:38:30"
BM8639,"IIFL_BM8639_NIRAKARPUR_NIRAKARPUR SOHO_OD",EAST,"2026-09-19 16:38:30"
BM8648,"IIFL_BM8648_TUSURA SOHO_OD",EAST,"2026-09-19 16:38:30"
BM8795,IIFL_BM8795_NONACHANDANPUKUR_KOLKATA_WB,EAST,"2026-09-19 16:38:30"
BM8844,"IIFL_BM8844_PARBATSAR PARBATSAR_RJ","NORTH 2","2026-09-19 16:38:30"
BM9383,"IIFL_BM9383_PASCHIM MEDINIPUR_DEBRA_WB",EAST,"2026-09-19 16:38:30"
BM9434,"IIFL_BM9434_KAMRUP METRO DISPUR_AS",EAST,"2026-09-19 16:38:30"
BM9721,"IIFL_BM9721_PRATIDIN COLONY GUWAHATI_AS",EAST,"2026-09-19 16:38:30"
BM9947,"IIFL_BM9947_NOIDA SECTOR 22_Up","NORTH 1","2026-09-19 16:38:30"
BM9963,IIFL_BM9963_AMRAVATI_MH,"WEST 1","2026-09-19 16:38:30"
BM9980,"IIFL_BM9980_MEERUT HRS CHOWK_UP","NORTH 1","2026-09-19 16:38:30"
