ID,BM_CODE,EMPLOYEE_NAME,EMPLOYEE_NUMBER,CREATED_AT
4956,BM10034,"M SANTOSH PATRO",9853330414,"2026-09-19 16:58:51"
4957,BM10034,"KAJOL KUMARI BEHERA",9556834447,"2026-09-19 16:58:51"
4958,BM10034,"SRIKANT PATTNAIK",9090729630,"2026-09-19 16:58:51"
4959,BM10495,"Prashant Andhale",9370295628,"2026-09-19 16:58:51"
4960,BM10495,"Ajay Sarkate",8767132044,"2026-09-19 16:58:51"
4961,BM10495,"Yogesh Dhakane",9075637081,"2026-09-19 16:58:51"
4962,BM10507,"AMIR HOSSEIN",7699088179,"2026-09-19 16:58:51"
4963,BM10507,"SOMESUBHRA MITRA",8101686677,"2026-09-19 16:58:51"
4964,BM10509,"Chhaya Parmar",9484440278,"2026-09-19 16:58:51"
4965,BM10509,"Pruthvirajsin Jadeja",9328083132,"2026-09-19 16:58:51"
4966,BM10509,"Divyrajsinh Jadeja",9106959193,"2026-09-19 16:58:51"
4967,BM10510,"Shivani Nim",8962385148,"2026-09-19 16:58:51"
4968,BM10510,"Ravi Pratap Singh Bhadoriya",9131870653,"2026-09-19 16:58:51"
4969,BM10510,"Gireesh Singh Yadav",6260921165,"2026-09-19 16:58:51"
4970,BM10523,"Rahul Kumar Saini",7742091244,"2026-09-19 16:58:51"
4971,BM10523,"Vikas Kumar",7877868598,"2026-09-19 16:58:51"
4972,BM10523,"Sandeep kumar",9462175575,"2026-09-19 16:58:51"
4973,BM10536,"ROSHANI SARANGI",8984919495,"2026-09-19 16:58:51"
4974,BM10536,"PRADESH BARIK",9776313604,"2026-09-19 16:58:51"
4975,BM10536,"BEDABYASA PADHAN",9937422019,"2026-09-19 16:58:51"
4976,BM10537,"Prateek Pandya",7389344038,"2026-09-19 16:58:51"
4977,BM10537,"Nilesh Chandravanshi",7000380833,"2026-09-19 16:58:51"
4978,BM10537,"Aaishwarya Jadham",9893534047,"2026-09-19 16:58:51"
4979,BM10544,"NISHANT KUMAR",7321862281,"2026-09-19 16:58:51"
4980,BM10544,"Anupam kumar",7991143759,"2026-09-19 16:58:51"
4981,BM10548,"Md Shahnawaj",9835090003,"2026-09-19 16:58:51"
4982,BM10548,"Ankit Kumar",6299700688,"2026-09-19 16:58:51"
4983,BM10549,"Usman Raja M",7010338580,"2026-09-19 16:58:51"
4984,BM10549,"Jagadeesh S",8056012714,"2026-09-19 16:58:51"
4985,BM10549,"Shanmugasundaram B",9551183536,"2026-09-19 16:58:51"
4986,BM10552,"SUJOY BASAK",9002434966,"2026-09-19 16:58:51"
4987,BM10552,"ACHINTYA SARKAR",8759334566,"2026-09-19 16:58:51"
4988,BM10552,"RAJIB DEBNATH",8967587988,"2026-09-19 16:58:51"
4989,BM10553,"Rupesh DATTATRAY Bhoir",7798866963,"2026-09-19 16:58:51"
4990,BM10553,"Paresh Balkrishna Patil",9763165121,"2026-09-19 16:58:51"
4991,BM10553,"Hitesh Kaluram Sabale",9075253453,"2026-09-19 16:58:51"
4992,BM10554,"SUBHANKAR BASAK",8918262972,"2026-09-19 16:58:51"
4993,BM10554,"SOHEL RANA",9002542409,"2026-09-19 16:58:51"
4994,BM10554,"RAHUL SARKAR",7908846159,"2026-09-19 16:58:51"
4995,BM10556,"Khalid Imran",8812943853,"2026-09-19 16:58:51"
4996,BM10556,"Syed Sakil",7002677708,"2026-09-19 16:58:51"
4997,BM10556,"Rupan Ch Paul",7002899265,"2026-09-19 16:58:51"
4998,BM10557,"BADE SHIVA KUMAR",7995566589,"2026-09-19 16:58:51"
4999,BM10557,"NAGAMANI GURAKONDA",9666950241,"2026-09-19 16:58:51"
5000,BM10557,"Shashikumar L",7702738030,"2026-09-19 16:58:51"
5001,BM10558,"Vikas Kumar",9911024007,"2026-09-19 16:58:51"
5002,BM10558,"Rajesh .",9588332884,"2026-09-19 16:58:51"
5003,BM10558,"Ramnish Sangwan",9728987678,"2026-09-19 16:58:51"
5004,BM10561,"Rohan Supat",9359278892,"2026-09-19 16:58:51"
5005,BM10561,"Rajkumar Chandramani Sharma",9930884085,"2026-09-19 16:58:51"
5006,BM10562,"Vikram Kumar",8340574538,"2026-09-19 16:58:51"
5007,BM10562,"Rahul kumar Thakur",8709017564,"2026-09-19 16:58:51"
5008,BM10562,"Gaurav kumar",7004932434,"2026-09-19 16:58:51"
5009,BM10563,"SHANKAR DUTTA",9678511548,"2026-09-19 16:58:51"
5010,BM10563,"LAKHINATH PEGU",6003195654,"2026-09-19 16:58:51"
5011,BM10563,"ASHIM HAZARIKA",7002201350,"2026-09-19 16:58:51"
5012,BM10564,"BUDDHADEV GUHA",9734554630,"2026-09-19 16:58:51"
5013,BM10564,"SAHIN ALI",7908137269,"2026-09-19 16:58:51"
5014,BM10564,"SIMRAN KHATUN",8348321198,"2026-09-19 16:58:51"
5015,BM10565,"MD SARIF NEWAZ",9064618539,"2026-09-19 16:58:51"
5016,BM10565,"JAHANGIR ALI",9932703992,"2026-09-19 16:58:51"
5017,BM10565,"MERAJUL MOMIN",6297380583,"2026-09-19 16:58:51"
5018,BM10567,"Y Sreecharan",9100610185,"2026-09-19 16:58:51"
5019,BM10567,"Anjaneyulu B",9963996707,"2026-09-19 16:58:51"
5020,BM10567,"MARKANTI YADAIAH",9553334113,"2026-09-19 16:58:51"
5021,BM10570,"Laltu Das",9007477030,"2026-09-19 16:58:51"
5022,BM10570,"Suman Adhikary",9903007118,"2026-09-19 16:58:51"
5023,BM10570,"Buddhadeb Ghosh",9733206951,"2026-09-19 16:58:51"
5024,BM10571,"RAJ DEY",8822568553,"2026-09-19 16:58:51"
5025,BM10571,"POOJA HAZARIKA",8403006557,"2026-09-19 16:58:51"
5026,BM10571,"Lakshya Jyoti Sharma",7002171064,"2026-09-19 16:58:51"
5027,BM10572,"SHOBHA KUMARI CHHETRI",8638860935,"2026-09-19 16:58:51"
5028,BM10572,"NAPUR NAYAN GOSWAMI",9954217318,"2026-09-19 16:58:51"
5029,BM10573,"Anugu Srikanth Reddy",9866689269,"2026-09-19 16:58:51"
5030,BM10573,"Nidanakavi Bhaskar",6305670182,"2026-09-19 16:58:51"
5031,BM10573,"Pole Nagaraju",9177468193,"2026-09-19 16:58:51"
5032,BM10574,"Sreenu Naik Nenavath",9618981616,"2026-09-19 16:58:51"
5033,BM10574,"U Balakrishna",8074338143,"2026-09-19 16:58:51"
5034,BM10574,"Vaddeman Swarnalatha",9848235025,"2026-09-19 16:58:51"
5035,BM10575,"ARBIND SINGH",8081409186,"2026-09-19 16:58:51"
5036,BM10575,"PIYUSH YADAV",9956834268,"2026-09-19 16:58:51"
5037,BM10575,"Ritesh kumar mishra",7307288428,"2026-09-19 16:58:51"
5038,BM10576,"VIRENDRA KUMAR",8920530520,"2026-09-19 16:58:51"
5039,BM10576,"SUDHEER SHUKLA",9140638199,"2026-09-19 16:58:51"
5040,BM10576,"KISHAN YADAV",9569376503,"2026-09-19 16:58:51"
5041,BM10577,Mohit,8410240168,"2026-09-19 16:58:51"
5042,BM10577,"Harsh Tyagi",8384883212,"2026-09-19 16:58:51"
5043,BM10577,"Ajay Kumar",6397348654,"2026-09-19 16:58:51"
5044,BM10578,"Amit Dubey",6392829396,"2026-09-19 16:58:51"
5045,BM10578,"Arpit Agrahari",6386432505,"2026-09-19 16:58:51"
5046,BM10579,"SAHIL KUMAR SAH",8102105471,"2026-09-19 16:58:51"
5047,BM10579,"SANTOSH ROY",8918119874,"2026-09-19 16:58:51"
5048,BM10579,"TANUMAY KHASKEL",8918789840,"2026-09-19 16:58:51"
5049,BM10581,"Ram Singh Yadav",9772081827,"2026-09-19 16:58:51"
5050,BM10581,"SUMAN BHATI",7665098839,"2026-09-19 16:58:51"
5051,BM10581,"Khushboo Sharma",7877674795,"2026-09-19 16:58:51"
5052,BM10582,"Potla Linga Reddy",6302861896,"2026-09-19 16:58:51"
5053,BM10582,"Gorantla Siva Krishna",8886098464,"2026-09-19 16:58:51"
5054,BM10583,"Yerukala Rama Krishna",6305265523,"2026-09-19 16:58:51"
5055,BM10583,"Akula Sai Vikas",9553554522,"2026-09-19 16:58:51"
5056,BM10583,"Papishetty Uday Kiran Gupta",9639630528,"2026-09-19 16:58:51"
5057,BM10584,"Chundru Ajay Kumar",9705700256,"2026-09-19 16:58:51"
5058,BM10584,"Nagendra Babu Madakam",9640399117,"2026-09-19 16:58:51"
5059,BM10584,"Alle Mohana Krishna",8374040287,"2026-09-19 16:58:51"
5060,BM10585,"RAMAKRISHNA GUVVALA",9666560295,"2026-09-19 16:58:51"
5061,BM10585,"shaik Vali",9618271061,"2026-09-19 16:58:51"
5062,BM10585,"Shaik Nagoor Basha",8142630505,"2026-09-19 16:58:51"
5063,BM10586,"RAGHU SAGAR MODALA",7013429732,"2026-09-19 16:58:51"
5064,BM10586,"Puttapally Narsimulu",9966534134,"2026-09-19 16:58:51"
5065,BM10606,"PAPPU KUMAR",9934615639,"2026-09-19 16:58:51"
5066,BM10606,"ROLLY BHARTI",6203455614,"2026-09-19 16:58:51"
5067,BM10608,"RAKIB HOSSAIN LASKAR",9093361262,"2026-09-19 16:58:51"
5068,BM10608,"Jahangir Hossen Laskar",9732792592,"2026-09-19 16:58:51"
5069,BM10608,"Pijush Ghosh",6291550731,"2026-09-19 16:58:51"
5070,BM10609,"Sujay Palui",8348157914,"2026-09-19 16:58:51"
5071,BM10609,"Soumen Roy",9547265614,"2026-09-19 16:58:51"
5072,BM10611,"Amit .",9756812498,"2026-09-19 16:58:51"
5073,BM10611,"JITENDRA KUMAR SHARMA",7983092122,"2026-09-19 16:58:51"
5074,BM10611,"Raman Sharma",9027710816,"2026-09-19 16:58:51"
5075,BM10612,"Gopal Kumar Prajapati",6388205520,"2026-09-19 16:58:51"
5076,BM10612,"Raeesh Ansari",6306479119,"2026-09-19 16:58:51"
5077,BM10612,"Farheen Fatma",8922882779,"2026-09-19 16:58:51"
5078,BM10613,"M Kumar M",8500461706,"2026-09-19 16:58:51"
5079,BM10613,"Mulla Ibrahim",9160245131,"2026-09-19 16:58:51"
5080,BM10613,"Pujari Ashok",9014256584,"2026-09-19 16:58:51"
5081,BM10614,"T Sameer Basha T",8142197755,"2026-09-19 16:58:51"
5082,BM10614,"Thimmaraja H",6300338164,"2026-09-19 16:58:51"
5083,BM10615,"Pinki Khatun",8926426758,"2026-09-19 16:58:51"
5084,BM10615,"Bapan Biswas",9563752977,"2026-09-19 16:58:51"
5085,BM10615,"Prakash Biswas",6296594890,"2026-09-19 16:58:51"
5086,BM10616,"Manish Sen",8815665701,"2026-09-19 16:58:51"
5087,BM10616,"Gunjan rathore",7440573093,"2026-09-19 16:58:51"
5088,BM10616,"Sanjeev Narvariya",9009681860,"2026-09-19 16:58:51"
5089,BM10617,"Shivam Raghuwanshi",9179987373,"2026-09-19 16:58:51"
5090,BM10617,"Sonu Lodhi",9826715307,"2026-09-19 16:58:51"
5091,BM10617,"Brajendra Yadav",9074574218,"2026-09-19 16:58:51"
5092,BM10618,"Shankar Dewangan",7725821110,"2026-09-19 16:58:51"
5093,BM10618,"PRAMOD CHANDRAKAR",8305144475,"2026-09-19 16:58:51"
5094,BM10618,"Kiran Das Markandey",8827814238,"2026-09-19 16:58:51"
5095,BM10619,"Saurabh Kumar",8920340146,"2026-09-19 16:58:51"
5096,BM10619,"Paras Kumar Jain",8077976579,"2026-09-19 16:58:51"
5097,BM10619,Junaid,8533949009,"2026-09-19 16:58:51"
5098,BM10620,"Vikas Kumar",9997098625,"2026-09-19 16:58:51"
5099,BM10620,"Chinki .",6398419844,"2026-09-19 16:58:51"
5100,BM10620,"Iqra Mirza",9027256478,"2026-09-19 16:58:51"
5101,BM10624,"GADIGEPPAGOUDA PATIL",9902868575,"2026-09-19 16:58:51"
5102,BM10624,"RAKESH HAVALAKHOD",7795950277,"2026-09-19 16:58:51"
5103,BM10624,"Shivanand Basappa Udapudi",6364592276,"2026-09-19 16:58:51"
5104,BM10625,RATAN,9525907205,"2026-09-19 16:58:51"
5105,BM10625,"Ratnesh kumar",8102761889,"2026-09-19 16:58:51"
5106,BM10626,"Purshottam Raghuwanshi",9770947815,"2026-09-19 16:58:51"
5107,BM10626,"Parantap Sharma",8871107738,"2026-09-19 16:58:51"
5108,BM10626,"Suraj Raghuwanshi",7000516062,"2026-09-19 16:58:51"
5109,BM10627,Vageesh,9844867289,"2026-09-19 16:58:51"
5110,BM10627,"Saleempash .",9902233859,"2026-09-19 16:58:51"
5111,BM10627,"Kalakanagouda B Belavanaki",7353695016,"2026-09-19 16:58:51"
5112,BM10628,"Manjunatha B S",9632159310,"2026-09-19 16:58:51"
5113,BM10628,"N Kavya",7204972693,"2026-09-19 16:58:51"
5114,BM10628,"Keshavareddy B",9620261893,"2026-09-19 16:58:51"
5115,BM10629,"Monika Dwivedi",9109524134,"2026-09-19 16:58:51"
5116,BM10629,"Devesh Mishra",6264301671,"2026-09-19 16:58:51"
5117,BM10629,"Swatantra Singh Chauhan",7898563504,"2026-09-19 16:58:51"
5118,BM10630,"Nagesh L",9591957284,"2026-09-19 16:58:51"
5119,BM10630,"Snehalatha R",7975750974,"2026-09-19 16:58:51"
5120,BM10631,"Fathima .",8523092947,"2026-09-19 16:58:51"
5121,BM10631,"Satla Praveen Kumar",9515911591,"2026-09-19 16:58:51"
5122,BM10631,"Marati Uday Kiran",7569012965,"2026-09-19 16:58:51"
5123,BM10632,"PG SRISHYLAM",9701010021,"2026-09-19 16:58:51"
5124,BM10632,"T SRINU",9848785097,"2026-09-19 16:58:51"
5125,BM10632,"KUMMARI BIKSHAPATHI",9705005790,"2026-09-19 16:58:51"
5126,BM10633,"R Ravikumar",9701692282,"2026-09-19 16:58:51"
5127,BM10633,"PELLODI SHIVAKUMAR",9550434015,"2026-09-19 16:58:51"
5128,BM10633,"Rudra Veena",9640993448,"2026-09-19 16:58:51"
5129,BM10634,"Shamseer Basha Bandlapalli",9000993654,"2026-09-19 16:58:51"
5130,BM10634,"Pulukuri Naveen Moses Raju",9032156429,"2026-09-19 16:58:51"
5131,BM10635,"Shivshek Mudgal",7697282802,"2026-09-19 16:58:51"
5132,BM10635,"Shashank shrivastava",9728567687,"2026-09-19 16:58:51"
5133,BM10635,"Chanchal Tiwari",7024692177,"2026-09-19 16:58:51"
5134,BM10636,"Vivek Kumar Soni",9399283557,"2026-09-19 16:58:51"
5135,BM10636,"Manish Dubey",8871310132,"2026-09-19 16:58:51"
5136,BM10636,"Arjun Thakur",9893400113,"2026-09-19 16:58:51"
5137,BM10637,"Tamal Biswas",9932722321,"2026-09-19 16:58:51"
5138,BM10637,"Sagar Sarkar",8371008998,"2026-09-19 16:58:51"
5139,BM10638,"Vicky Ghosh",7667016554,"2026-09-19 16:58:51"
5140,BM10638,"Aditya Kumar",6201660772,"2026-09-19 16:58:51"
5141,BM10638,"Vishal Raj",9279874389,"2026-09-19 16:58:51"
5142,BM10639,Rajgafur,8792215482,"2026-09-19 16:58:51"
5143,BM10639,"ANANDA NAIK D L",7411266228,"2026-09-19 16:58:51"
5144,BM10639,"Malaganda Nagaraja",8880325585,"2026-09-19 16:58:51"
5145,BM10640,"Vinay Kumar",8269574951,"2026-09-19 16:58:51"
5146,BM10640,"Neelesh Pancheshwar",8085859930,"2026-09-19 16:58:51"
5147,BM10640,"Ashish Soni",8839540488,"2026-09-19 16:58:51"
5148,BM10641,"Prasitam Sarkar",8670227676,"2026-09-19 16:58:51"
5149,BM10641,"Kundan Kumar Jha",7061534306,"2026-09-19 16:58:51"
5150,BM10641,"Souman Poddar",7047630928,"2026-09-19 16:58:51"
5151,BM10642,"Takhatsinh Chauhan",9265872265,"2026-09-19 16:58:51"
5152,BM10642,"Kiritkumar Prajapati",8780204611,"2026-09-19 16:58:51"
5153,BM10642,"Chandrakantbhai Bhabhor",7990852654,"2026-09-19 16:58:51"
5154,BM10643,"Deepak Sharma",7006295687,"2026-09-19 16:58:51"
5155,BM10643,"Ashok Kumar",9697273077,"2026-09-19 16:58:51"
5156,BM10643,"Ankush Sharma",7889961736,"2026-09-19 16:58:51"
5157,BM10644,"Chitra Mahendra Bharatbhai",8200101669,"2026-09-19 16:58:51"
5158,BM10644,"bhumbhariya Raviraj Lirabhai",7359723069,"2026-09-19 16:58:51"
5159,BM10644,"Jhala Ajaysinh Pravinbhai",9662622323,"2026-09-19 16:58:51"
5160,BM10645,"Jaganath Jamadar Jamadar",8880912102,"2026-09-19 16:58:51"
5161,BM10645,"Syed Ibrahim",9036189945,"2026-09-19 16:58:51"
5162,BM10645,"Prajwal .",9632027893,"2026-09-19 16:58:51"
5163,BM10646,"S Subrahamanyam Evuri",9724473966,"2026-09-19 16:58:51"
5164,BM10646,"Katuri Mallikharjunarao",8688429532,"2026-09-19 16:58:51"
5165,BM10646,"Maraka Venkata Gopiraju",7207605885,"2026-09-19 16:58:51"
5166,BM10648,"MANGAL GHOSH",8345925484,"2026-09-19 16:58:51"
5167,BM10648,"PRADIP SAHA",8617332245,"2026-09-19 16:58:51"
5168,BM10648,"SRABANI SINGHA",8927280602,"2026-09-19 16:58:51"
5169,BM10649,"Naralasetti Vijay Kumar",8328387122,"2026-09-19 16:58:51"
5170,BM10649,"Bandaru Ramesh Ramakrishna",7729032081,"2026-09-19 16:58:51"
5171,BM10649,"Peddisetti Venkatesh",8185988885,"2026-09-19 16:58:51"
5172,BM10651,"Rahul Gangiya",9824443144,"2026-09-19 16:58:51"
5173,BM10651,"Ankita Parmar",7203987465,"2026-09-19 16:58:51"
5174,BM10651,"Hitesh Vegad",9998938585,"2026-09-19 16:58:51"
5175,BM10652,"Mantesh Sangamad",7829111764,"2026-09-19 16:58:51"
5176,BM10652,"Sangeeta Dudgi",9481345720,"2026-09-19 16:58:51"
5177,BM10652,Pravati,9880594104,"2026-09-19 16:58:51"
5178,BM10653,"Gireesh Yadaravi",7975328186,"2026-09-19 16:58:51"
5179,BM10653,"Preetha Praveen Shetty",9611050426,"2026-09-19 16:58:51"
5180,BM10655,"Shudhanshu Mishra",9973038758,"2026-09-19 16:58:51"
5181,BM10655,"Animesh Kumar",8235400417,"2026-09-19 16:58:51"
5182,BM10656,"Anand Kumar Singh",7488445511,"2026-09-19 16:58:51"
5183,BM10656,"Rahul Kumar Pandey",7004580413,"2026-09-19 16:58:51"
5184,BM10656,"Rajesh kumar",9110118857,"2026-09-19 16:58:51"
5185,BM10657,"Shiv Pratap Singh",8851614655,"2026-09-19 16:58:51"
5186,BM10657,"Avinash kumar",9473290007,"2026-09-19 16:58:51"
5187,BM10657,"Ankit Bisht",9643687349,"2026-09-19 16:58:51"
5188,BM10658,"Vikash Thathera",9785136352,"2026-09-19 16:58:51"
5189,BM10658,"Jitendra Singh",9784926597,"2026-09-19 16:58:51"
5190,BM10658,"Mohit Kumawat",7597865534,"2026-09-19 16:58:51"
5191,BM10667,"Aravind Kallappa Karigar",9449466184,"2026-09-19 16:58:51"
5192,BM10667,"Mallappa Satyappa Gavaroji",9663738391,"2026-09-19 16:58:51"
5193,BM10667,"Rangappa Banappanavar",9902243547,"2026-09-19 16:58:51"
5194,BM10668,"Manash Bhowmik",8575120266,"2026-09-19 16:58:51"
5195,BM10668,"Bappi Datta",8787754089,"2026-09-19 16:58:51"
5196,BM10668,"BIPUL CHOUDHURY",9366104793,"2026-09-19 16:58:51"
5197,BM10669,"Smitha Pillai",7249856861,"2026-09-19 16:58:51"
5198,BM10669,"Rupali Gawade",8652758698,"2026-09-19 16:58:51"
5199,BM10669,"Rohit Bhairu Bilawar",7387643352,"2026-09-19 16:58:51"
5200,BM10670,"Narayan Shivappa Ambayi",9844791182,"2026-09-19 16:58:51"
5201,BM10670,"SHRIDHAR NINGAPPA BADIGER",9900797285,"2026-09-19 16:58:51"
5202,BM10671,"Gangadhar S Ramannavar",8951876002,"2026-09-19 16:58:51"
5203,BM10671,"Siaddappa mamlepattanshettar",7406581306,"2026-09-19 16:58:51"
5204,BM10672,"Srinivasa B V",6362650934,"2026-09-19 16:58:51"
5205,BM10672,"Raviteja GS",8105622609,"2026-09-19 16:58:51"
5206,BM10672,"DHANANJAYA KN",9113002346,"2026-09-19 16:58:51"
5207,BM10673,"Mohammad Arshad",8896011356,"2026-09-19 16:58:51"
5208,BM10673,"Ashish Yadav",8114042114,"2026-09-19 16:58:51"
5209,BM10674,"Tarun Thakur",9993690365,"2026-09-19 16:58:51"
5210,BM10674,"Rohit Rathore",7987084713,"2026-09-19 16:58:51"
5211,BM10674,"Shivam Sharma",9171550807,"2026-09-19 16:58:51"
5212,BM10675,"Prakhar goyal",9084324004,"2026-09-19 16:58:51"
5213,BM10675,"Sonu Yadav",7078624488,"2026-09-19 16:58:51"
5214,BM10675,"Mohini Sharma",9193421400,"2026-09-19 16:58:51"
5215,BM10677,"SHIVAM SHUKLA",9506251223,"2026-09-19 16:58:51"
5216,BM10677,"ALOK MISHRA",8423859482,"2026-09-19 16:58:51"
5217,BM10677,"PRADEEP KUMAR SHUKLA",9918878341,"2026-09-19 16:58:51"
5218,BM10678,"Surya Prakash Dubey",8318507921,"2026-09-19 16:58:51"
5219,BM10678,"Pawan Kumar Tripathi",6393299094,"2026-09-19 16:58:51"
5220,BM10679,"MOUMITA DUTTA",9832279011,"2026-09-19 16:58:51"
5221,BM10679,"MRINMAY DAS",9614501047,"2026-09-19 16:58:51"
5222,BM10679,"SUBRATA DAS",8768767513,"2026-09-19 16:58:51"
5223,BM10680,"Ramachandrarao Gandepalli",9247728770,"2026-09-19 16:58:51"
5224,BM10680,"KONDAPALLI JANARDHAN RAO",8019504423,"2026-09-19 16:58:51"
5225,BM10680,"Bandaru Harshitha",7981799711,"2026-09-19 16:58:51"
5226,BM10681,"RABINDRANATH MONDAL",7449481181,"2026-09-19 16:58:51"
5227,BM10681,"IVAN AHAMED",9717621879,"2026-09-19 16:58:51"
5228,BM10681,"JAYITA MONDAL",8229964360,"2026-09-19 16:58:51"
5229,BM10682,"KUMARISUMAN SHYAMJI SINGH",9106946626,"2026-09-19 16:58:51"
5230,BM10682,"PRIYANKA ROY",9064842193,"2026-09-19 16:58:51"
5231,BM10683,"DEBASISH MANDAL",7031166378,"2026-09-19 16:58:51"
5232,BM10683,"MD MUINUDDIN CHISTHY",8101878223,"2026-09-19 16:58:51"
5233,BM10683,"RAJYAJYOTI BHARATI",9564333022,"2026-09-19 16:58:51"
5234,BM10685,"Partha Pratim Bhuyan",8399010582,"2026-09-19 16:58:51"
5235,BM10685,"Bhaswati Gayan",6002299407,"2026-09-19 16:58:51"
5236,BM10685,"Risha Nandini Saikia",6002970522,"2026-09-19 16:58:51"
5237,BM10686,"Prudhivi Naga Jyothi",9581082324,"2026-09-19 16:58:51"
5238,BM10686,"Kommathoti Byula Rani",6309624849,"2026-09-19 16:58:51"
5239,BM10687,"Aravindhan S",8098663367,"2026-09-19 16:58:51"
5240,BM10687,"ANUSUYA DEVI S",7708505362,"2026-09-19 16:58:51"
5241,BM10688,"Biplab Das",7478448224,"2026-09-19 16:58:51"
5242,BM10688,"MD Zafrul Alam",7282997309,"2026-09-19 16:58:51"
5243,BM10688,"Suraj Kumar Mahto",7542918090,"2026-09-19 16:58:51"
5244,BM10690,"AMIT KUMAR",9996810613,"2026-09-19 16:58:51"
5245,BM10690,Anuradha,9588721637,"2026-09-19 16:58:51"
5246,BM10690,"Anil Kumar",9896545251,"2026-09-19 16:58:51"
5247,BM10691,"Robin Tushir",8882528678,"2026-09-19 16:58:51"
5248,BM10691,Vikram,9852082266,"2026-09-19 16:58:51"
5249,BM10691,"Ravi Kant",9990404074,"2026-09-19 16:58:51"
5250,BM10692,"VENKATESH YAMKE",8498849609,"2026-09-19 16:58:51"
5251,BM10692,"Praveen Solapur",9676124913,"2026-09-19 16:58:51"
5252,BM10692,"Anil Kumar",9542845185,"2026-09-19 16:58:51"
5253,BM10693,"R SURYA PRAKASH",9398348413,"2026-09-19 16:58:51"
5254,BM10693,"Hemanth Kumar Mungarla",9100628042,"2026-09-19 16:58:51"
5255,BM10694,"Ajay Kumar .",9991338492,"2026-09-19 16:58:51"
5256,BM10694,"Krishan Kumar",9896530015,"2026-09-19 16:58:51"
5257,BM10694,Ankit,9588181793,"2026-09-19 16:58:51"
5258,BM10696,"Vipul Virda",8128380333,"2026-09-19 16:58:51"
5259,BM10696,"jay jivani",9723815570,"2026-09-19 16:58:51"
5260,BM10696,"Priyanka Rameshbhai Adroja",9979854493,"2026-09-19 16:58:51"
5261,BM10697,"Rajendar Reddy Lokasani",9666086349,"2026-09-19 16:58:51"
5262,BM10697,"Dilli Rajashekar Dilli",9553453373,"2026-09-19 16:58:51"
5263,BM10697,"Byagari Sandya",7013830936,"2026-09-19 16:58:51"
5264,BM10698,"Mahammad Rafi",9945904068,"2026-09-19 16:58:51"
5265,BM10700,"MILAN KANUBHAI GINOYA",9409126208,"2026-09-19 16:58:51"
5266,BM10700,"Abhishek Chandulal Tank",9106866191,"2026-09-19 16:58:51"
5267,BM10700,"Nilesh Mand",9033179991,"2026-09-19 16:58:51"
5268,BM10701,"Bhargav Chhatral",8866628851,"2026-09-19 16:58:51"
5269,BM10701,"Meghrajsinh Gohil",9510445164,"2026-09-19 16:58:51"
5270,BM10701,"Dip Khandhedia",9409739559,"2026-09-19 16:58:51"
5271,BM10702,"Sai Sowmya sree Peddi",8897934651,"2026-09-19 16:58:51"
5272,BM10702,"Yamagani Prasad",9133400161,"2026-09-19 16:58:51"
5273,BM10703,"Musti Suresh",8519847553,"2026-09-19 16:58:51"
5274,BM10703,"Kataru Sunil",9515291281,"2026-09-19 16:58:51"
5275,BM10704,"Gurpreet singh",9914461650,"2026-09-19 16:58:51"
5276,BM10704,"jasveer singh",9779639281,"2026-09-19 16:58:51"
5277,BM10706,"Peddolla Vikram",9441038359,"2026-09-19 16:58:51"
5278,BM10707,"Namita Sharma",8837778207,"2026-09-19 16:58:51"
5279,BM10707,"Nikhil Khanna",9592544548,"2026-09-19 16:58:51"
5280,BM10707,"Raj Karan",9872167070,"2026-09-19 16:58:51"
5281,BM10708,HARSH,8057313001,"2026-09-19 16:58:51"
5282,BM10708,"Hitesh .",9312592008,"2026-09-19 16:58:51"
5283,BM10708,"Adarsh Mishra",9354092719,"2026-09-19 16:58:51"
5284,BM10709,"Brijesh kumar",9050181238,"2026-09-19 16:58:51"
5285,BM10709,"Bablu kumar",8800565201,"2026-09-19 16:58:51"
5286,BM10709,"Ashish sharma",7703872511,"2026-09-19 16:58:51"
5287,BM10710,"AVINASH SINGH",9454581527,"2026-09-19 16:58:51"
5288,BM10710,"Anooj Singh",9236568631,"2026-09-19 16:58:51"
5289,BM10710,"Sidharth Shukla",8853015892,"2026-09-19 16:58:51"
5290,BM10711,"Nazmeen .",9634536910,"2026-09-19 16:58:51"
5291,BM10716,"Rahul Yadav",7509587540,"2026-09-19 16:58:51"
5292,BM10716,"Sunita Sharma",6262458293,"2026-09-19 16:58:51"
5293,BM10716,"Ankit Birla",8120739374,"2026-09-19 16:58:51"
5294,BM10723,"Jatin Joshi",9173056224,"2026-09-19 16:58:51"
5295,BM10723,"Yogirajsinh Gohil",9426551794,"2026-09-19 16:58:51"
5296,BM10724,"Biplab Sarker",8617354602,"2026-09-19 16:58:51"
5297,BM10724,"Shankar Dutta",7477349580,"2026-09-19 16:58:51"
5298,BM10724,"Nandika Modak",6294361247,"2026-09-19 16:58:51"
5299,BM10725,"Shahid Pasha",7022866043,"2026-09-19 16:58:51"
5300,BM10725,"Umesh T J",9845977878,"2026-09-19 16:58:51"
5301,BM10725,"Ranganatha G B",8867210560,"2026-09-19 16:58:51"
5302,BM10726,"Ganesh Ramchandra Kalal",9972336065,"2026-09-19 16:58:51"
5303,BM10726,"Annaji Bhosle",9480908889,"2026-09-19 16:58:51"
5304,BM10726,"Pallavi Chimmalagi",9731988473,"2026-09-19 16:58:51"
5305,BM10727,"Avulakunta Sai Kumar",9392260474,"2026-09-19 16:58:51"
5306,BM10727,Chenimeni.DAMODAR,9000076348,"2026-09-19 16:58:51"
5307,BM10728,"Vasantha Naik K",9591881004,"2026-09-19 16:58:51"
5308,BM10728,"Ramya K",9535134593,"2026-09-19 16:58:51"
5309,BM10729,"Barigela Murali",9908143775,"2026-09-19 16:58:51"
5310,BM10729,"Kodathapalli Naveen",7416515912,"2026-09-19 16:58:51"
5311,BM10729,"Kummari Venkataramana",7893418145,"2026-09-19 16:58:51"
5312,BM10730,"Jayaprakash M",9629587947,"2026-09-19 16:58:51"
5313,BM10730,"Harikrishnan Srinivasan",6385226083,"2026-09-19 16:58:51"
5314,BM10731,"Pooja K B",9606613540,"2026-09-19 16:58:51"
5315,BM10731,"Akash K R",9353220314,"2026-09-19 16:58:51"
5316,BM10733,"MOHIDUL HOQUE",9101178587,"2026-09-19 16:58:51"
5317,BM10733,"AMIR HAMZA",7635930768,"2026-09-19 16:58:51"
5318,BM10733,"SYAMAL BORA",9365654945,"2026-09-19 16:58:51"
5319,BM10734,"Yarramreddy Nagi Reddy",7671988875,"2026-09-19 16:58:51"
5320,BM10734,"Rachakuntla Lakshman",6304431457,"2026-09-19 16:58:51"
5321,BM10735,"Mohammed Nagur mehra",9642861672,"2026-09-19 16:58:51"
5322,BM10735,"Gangarapu vinaya Venkata Madhavi",6304815268,"2026-09-19 16:58:51"
5323,BM10736,"Pushpa latha palla",7738312192,"2026-09-19 16:58:51"
5324,BM10736,"CHANDAKA MOHANA RAO",7095219866,"2026-09-19 16:58:51"
5325,BM10737,"AJIT KUMAR",9630612826,"2026-09-19 16:58:51"
5326,BM10737,"Satyam Tripathi",9129003981,"2026-09-19 16:58:51"
5327,BM10738,"Elamaran Arumugam",8754239160,"2026-09-19 16:58:51"
5328,BM10738,"Priya Chinnapaiyan",8838877568,"2026-09-19 16:58:51"
5329,BM10738,"Kumaravel Loganathan",8807819759,"2026-09-19 16:58:51"
5330,BM10740,"Varakala Sri hari",7842514245,"2026-09-19 16:58:51"
5331,BM10740,"Ambavarapu Nagarjuna Reddy",9966223330,"2026-09-19 16:58:51"
5332,BM10740,"Darnasi Chinarayudu",9110323155,"2026-09-19 16:58:51"
5333,BM10741,"Jakkampudi Uday Prakash",7799078585,"2026-09-19 16:58:51"
5334,BM10741,"Andiboina Akhil Kumar",8500355784,"2026-09-19 16:58:51"
5335,BM10741,"Dadi Veera Ganilakshmi",9381452472,"2026-09-19 16:58:51"
5336,BM10743,"TANMAY MANDAL",7001602746,"2026-09-19 16:58:51"
5337,BM10743,"SOUMEN PAL",8101611112,"2026-09-19 16:58:51"
5338,BM10745,Ivaan,9560498339,"2026-09-19 16:58:51"
5339,BM10745,"Ruchi Pandey",9599532973,"2026-09-19 16:58:51"
5340,BM10745,Nishant,9318460443,"2026-09-19 16:58:51"
5341,BM10746,"Vamsi Krishnamaraju Makaraju",9052899855,"2026-09-19 16:58:51"
5342,BM10746,"Devalala Mahaboob Basha",7396115754,"2026-09-19 16:58:51"
5343,BM10746,"Bandaru Guru Dinesh Kumar",6303112257,"2026-09-19 16:58:51"
5344,BM10748,"Kinjal Rajyaguru Vishal",8320700019,"2026-09-19 16:58:51"
5345,BM10748,"Naeem kosiya",8155841052,"2026-09-19 16:58:51"
5346,BM10748,"Vishal Bakshi",8140600296,"2026-09-19 16:58:51"
5347,BM10749,"ELANGARASAN M",8695356911,"2026-09-19 16:58:51"
5348,BM10749,"SOMESWARAN S",9360122329,"2026-09-19 16:58:51"
5349,BM10749,"BOOPATHI P",9791182674,"2026-09-19 16:58:51"
5350,BM10750,"Harshad Panchal",7600260075,"2026-09-19 16:58:51"
5351,BM10750,"Hitendra Patel",8469965540,"2026-09-19 16:58:51"
5352,BM10750,"Hemang Gajjar",9638385353,"2026-09-19 16:58:51"
5353,BM10754,"Surya Prakash Sharma",9024240249,"2026-09-19 16:58:51"
5354,BM10754,Manisha,9664060636,"2026-09-19 16:58:51"
5355,BM10756,"Dilip KumarTiwari",7379424757,"2026-09-19 16:58:51"
5356,BM10756,Ankit,7701906372,"2026-09-19 16:58:51"
5357,BM10757,"SHOBHIT KUMAR",8604281292,"2026-09-19 16:58:51"
5358,BM10757,"AMBUJ TIWARI",7651840018,"2026-09-19 16:58:51"
5359,BM10757,"ANKUSH YADAV",8009628687,"2026-09-19 16:58:51"
5360,BM10758,"Sarvesh Singh Yadav",9454149883,"2026-09-19 16:58:51"
5361,BM10758,"Ajit Singh Yadav",8009584565,"2026-09-19 16:58:51"
5362,BM10758,"Archana Tiwari",7887237441,"2026-09-19 16:58:51"
5363,BM10759,"Vikas Sharma",7889328913,"2026-09-19 16:58:51"
5364,BM10759,"Sukhwinder lal",8284821204,"2026-09-19 16:58:51"
5365,BM10759,"Jatinder Kumar",9888112986,"2026-09-19 16:58:51"
5366,BM10761,Gaurav,9350564946,"2026-09-19 16:58:51"
5367,BM10761,Pooja,9350494430,"2026-09-19 16:58:51"
5368,BM10762,"SIBAJI DUTTA",9002445137,"2026-09-19 16:58:51"
5369,BM10762,"SOURAV GARAI",8158885826,"2026-09-19 16:58:51"
5370,BM10762,"CHANDRAKANTA HAZRA",8116198035,"2026-09-19 16:58:51"
5371,BM10763,"Kumar Pagadala",9502325548,"2026-09-19 16:58:51"
5372,BM10763,"S Anand",8790950799,"2026-09-19 16:58:51"
5373,BM10763,"Sudha kiran Kosuri",9581619953,"2026-09-19 16:58:51"
5374,BM10764,"Gopireddy Ramakrishna Reddy",9110301448,"2026-09-19 16:58:51"
5375,BM10764,"Gojjepalli Surendranath Reddy",9492926349,"2026-09-19 16:58:51"
5376,BM10764,"Maliapogu Prasad",9493232605,"2026-09-19 16:58:51"
5377,BM10765,"PRIYANKA SHARMA",7078405780,"2026-09-19 16:58:51"
5378,BM10765,"Praveen Kumar",8430022659,"2026-09-19 16:58:51"
5379,BM10765,"Gopi .",9675152043,"2026-09-19 16:58:51"
5380,BM10766,"Rohit Kumar Barik",7008215156,"2026-09-19 16:58:51"
5381,BM10766,"SURYANARAYAN PARIDA",9090303252,"2026-09-19 16:58:51"
5382,BM10766,"Kamakshya Prasad prasad Routray",9938352735,"2026-09-19 16:58:51"
5383,BM10767,"Bandaru Sambasivarao",6305476320,"2026-09-19 16:58:51"
5384,BM10767,"MOHAMMED MOBIN",8125550979,"2026-09-19 16:58:51"
5385,BM10768,"Sattya Brata Basak",8101106030,"2026-09-19 16:58:51"
5386,BM10768,"Partha Pratim Das",7908312908,"2026-09-19 16:58:51"
5387,BM10768,"MOMINUL ISLAM",6296557854,"2026-09-19 16:58:51"
5388,BM10769,Muniraj,6383103001,"2026-09-19 16:58:51"
5389,BM10769,Sivakumar,8072635258,"2026-09-19 16:58:51"
5390,BM10769,Rajagopal,9360994192,"2026-09-19 16:58:51"
5391,BM10771,"Deepika Devi",9340737255,"2026-09-19 16:58:51"
5392,BM10771,"Bhupesh Kumar",7770888303,"2026-09-19 16:58:51"
5393,BM10771,"ROSHAN LAL SAHU",7000046469,"2026-09-19 16:58:51"
5394,BM10772,Silambarasan,8124941806,"2026-09-19 16:58:51"
5395,BM10772,Jothivel,9787002732,"2026-09-19 16:58:51"
5396,BM10772,Sivakumar,8098816917,"2026-09-19 16:58:51"
5397,BM10773,AJITHKUMAR,9965415181,"2026-09-19 16:58:51"
5398,BM10773,Manikandan,9976551738,"2026-09-19 16:58:51"
5399,BM10774,"ARPITA DUTTA",8609681284,"2026-09-19 16:58:51"
5400,BM10774,"SOVAN SADHUKHAN",9679835172,"2026-09-19 16:58:51"
5401,BM10786,"Shubham Prabhakar Hampalle",7387771483,"2026-09-19 16:58:51"
5402,BM10786,"Shivani Satyam Lokhande",7066004904,"2026-09-19 16:58:51"
5403,BM10788,"Pawan Kumar Soni",9685542478,"2026-09-19 16:58:51"
5404,BM10788,"Shivam Dangi",8435157404,"2026-09-19 16:58:51"
5405,BM10788,"Ramvilas varma",7879358457,"2026-09-19 16:58:51"
5406,BM10789,"Hemant Pratap Singh",9648812101,"2026-09-19 16:58:51"
5407,BM10789,"Harishit Tiwari",9628161914,"2026-09-19 16:58:51"
5408,BM10789,"Amit Kumar Sharma",7081818199,"2026-09-19 16:58:51"
5409,BM10790,"Ajit Kumar",9897699464,"2026-09-19 16:58:51"
5410,BM10790,"Prashant Kumar",7055833301,"2026-09-19 16:58:51"
5411,BM10791,"Deepshikha mittal",8825216601,"2026-09-19 16:58:51"
5412,BM10791,"Sonal Tiwari",8210837321,"2026-09-19 16:58:51"
5413,BM10791,"Rajnikant Sharma",8825259124,"2026-09-19 16:58:51"
5414,BM10792,"SHYAM LAL SONI",7000443928,"2026-09-19 16:58:51"
5415,BM10792,"Suraj Jagwani",8770022771,"2026-09-19 16:58:51"
5416,BM10792,"Abhishek Yadav",7999471176,"2026-09-19 16:58:51"
5417,BM10793,"Jay Prakash Sharma",7903294533,"2026-09-19 16:58:51"
5418,BM10793,"Neha Kumari",8434821454,"2026-09-19 16:58:51"
5419,BM10793,"Ankit Raj",6202971837,"2026-09-19 16:58:51"
5420,BM10795,"Poonam Swami",8619333287,"2026-09-19 16:58:51"
5421,BM10795,"Govind Singh Rathore",8005955542,"2026-09-19 16:58:51"
5422,BM10795,"hemant Gouar",9079765216,"2026-09-19 16:58:51"
5423,BM10805,"VIJAY KUMAR SAHU",7974496722,"2026-09-19 16:58:51"
5424,BM10805,"GAJENDRA DAS",8917536758,"2026-09-19 16:58:51"
5425,BM10805,"SAUMYA RANJAN RAY",8349392467,"2026-09-19 16:58:51"
5426,BM10807,"Vadlapudi Manikanta Swamy",7989153055,"2026-09-19 16:58:51"
5427,BM10807,"Neerukonda Kondala Rao",8500711454,"2026-09-19 16:58:51"
5428,BM10807,"Allimilli Purna Venkata Sai Kumar",6302285197,"2026-09-19 16:58:51"
5429,BM10808,"Biswajit Das",9706505177,"2026-09-19 16:58:51"
5430,BM10808,"Nandan Deb Nath",7002610273,"2026-09-19 16:58:51"
5431,BM10808,"Reha Khanam",7086777766,"2026-09-19 16:58:51"
5432,BM10809,"Narendra Singh",9456119016,"2026-09-19 16:58:51"
5433,BM10809,Vishakha,6396238976,"2026-09-19 16:58:51"
5434,BM10809,"Pramendra Kumar",9719161614,"2026-09-19 16:58:51"
5435,BM10811,"B G JAYA KUMAR",9542007474,"2026-09-19 16:58:51"
5436,BM10811,"Sameer S",9704254452,"2026-09-19 16:58:51"
5437,BM10812,"Chandana h r",9538078285,"2026-09-19 16:58:51"
5438,BM10812,"Sudhin Hegde",7259589022,"2026-09-19 16:58:51"
5439,BM10813,"Govindaraj P",9047098347,"2026-09-19 16:58:51"
5440,BM10813,"Palanisamy R",9080059979,"2026-09-19 16:58:51"
5441,BM10813,"Kabilan Madhaiyan",6379082953,"2026-09-19 16:58:51"
5442,BM10814,"Hardip Kanubhai Khachar",9328171591,"2026-09-19 16:58:51"
5443,BM10814,"Mahendrabhai Juvansangbhai Tur",8140320301,"2026-09-19 16:58:51"
5444,BM10816,ANU,7814909178,"2026-09-19 16:58:51"
5445,BM10816,"Shubham garg",8198011007,"2026-09-19 16:58:51"
5446,BM10817,"Veerendra Nema",9981322353,"2026-09-19 16:58:51"
5447,BM10817,"Rupesh Patel",8839966280,"2026-09-19 16:58:51"
5448,BM10817,"Akhilesh Kori",9131451640,"2026-09-19 16:58:51"
5449,BM10819,"Peddaboina Rajkumar",9502856792,"2026-09-19 16:58:51"
5450,BM10819,"Mohammed Sukur Pasha",9182636715,"2026-09-19 16:58:51"
5451,BM10819,"Shaik Yakububaba",8008903570,"2026-09-19 16:58:51"
5452,BM10820,"SHILPA S",7625089847,"2026-09-19 16:58:51"
5453,BM10820,"R RANJITH",7899008504,"2026-09-19 16:58:51"
5454,BM10821,"Razil Mahmood",8982687783,"2026-09-19 16:58:51"
5455,BM10821,"Chitrekha Patel",9752223185,"2026-09-19 16:58:51"
5456,BM10821,"Jagriti Ranade",7024444551,"2026-09-19 16:58:51"
5457,BM10822,"TONOY PAUL",8638645632,"2026-09-19 16:58:51"
5458,BM10822,"AJIJUL HOQUE AHMED",9101547646,"2026-09-19 16:58:51"
5459,BM10822,"BITOPAN DIHIDER",8638526838,"2026-09-19 16:58:51"
5460,BM10823,"PANKHY BORTHAKUR",7002119966,"2026-09-19 16:58:51"
5461,BM10823,"SUKANYA BORA",9395261294,"2026-09-19 16:58:51"
5462,BM10823,"MURAD RUSSEL AHMED",6000814912,"2026-09-19 16:58:51"
5463,BM10824,"KRITIK SEN",8305059521,"2026-09-19 16:58:51"
5464,BM10824,"R GAURAV RAO",9111772117,"2026-09-19 16:58:51"
5465,BM10824,"Badal Vaishnava",6268502317,"2026-09-19 16:58:51"
5466,BM10826,"Udayraj B. Vadher",7069223735,"2026-09-19 16:58:51"
5467,BM10826,"Anjun Gori",9106014562,"2026-09-19 16:58:51"
5468,BM10826,"Dharmendrasinh Jadeja",8160073228,"2026-09-19 16:58:51"
5469,BM10828,"Mousumi Das",9435397623,"2026-09-19 16:58:51"
5470,BM10828,"Nandan Chakraborty",9101636496,"2026-09-19 16:58:51"
5471,BM10828,"Pranab Das",7099629597,"2026-09-19 16:58:51"
5472,BM10829,"Mahua Chowdhury",7980748567,"2026-09-19 16:58:51"
5473,BM10829,"SANDIP CHAKRABORTY",9231129810,"2026-09-19 16:58:51"
5474,BM10836,"Ankitmani Tiwari",7678221587,"2026-09-19 16:58:51"
5475,BM10836,"Shubham Kushwaha",9125908983,"2026-09-19 16:58:51"
5476,BM10837,"Nikhilesh Makrand Jadhav",9421983677,"2026-09-19 16:58:51"
5477,BM10837,"Raju Dattatraya Kasar",9665315890,"2026-09-19 16:58:51"
5478,BM10838,Vikas,9780869700,"2026-09-19 16:58:51"
5479,BM10838,"Pranshu Gautam",7496858578,"2026-09-19 16:58:51"
5480,BM10838,"Neelam Sharma",8219141067,"2026-09-19 16:58:51"
5481,BM10839,"Mohammed Asif Farooque",8107886188,"2026-09-19 16:58:51"
5482,BM10840,"Shabib Khatri",8005877537,"2026-09-19 16:58:51"
5483,BM10840,"Khushal Kumawat",7426072304,"2026-09-19 16:58:51"
5484,BM10846,"Ravi Kumar Kushwaha",8340448619,"2026-09-19 16:58:51"
5485,BM10846,"Abhishek Kumar",8709888970,"2026-09-19 16:58:51"
5486,BM10847,"Sachin Kumar",8126030903,"2026-09-19 16:58:51"
5487,BM10847,"Km Rajni",8273196317,"2026-09-19 16:58:51"
5488,BM10847,"Kapil Sharma",9084896824,"2026-09-19 16:58:51"
5489,BM10849,"Mareedu Naga Divya",9542404383,"2026-09-19 16:58:51"
5490,BM10849,"Modugu Kiran",9908211768,"2026-09-19 16:58:51"
5491,BM10851,"Kamlesh Raikwar",8770110136,"2026-09-19 16:58:51"
5492,BM10851,"Shivkant Yadav",7470701320,"2026-09-19 16:58:51"
5493,BM10851,"Sunil Tiwari",9303693172,"2026-09-19 16:58:51"
5494,BM10853,"Hitesh Prakashkumar Dave",7383043110,"2026-09-19 16:58:51"
5495,BM10853,"Maheshkumar Sureshji Thakor",9104628405,"2026-09-19 16:58:51"
5496,BM10853,"Baharben Babubhai Patel",8469467751,"2026-09-19 16:58:51"
5497,BM10857,"Vijay Patware",9977603532,"2026-09-19 16:58:51"
5498,BM10857,"Shivam Ramnarayan Lovanshi",7974344357,"2026-09-19 16:58:51"
5499,BM10857,"Nileshwari Rathore",9826737280,"2026-09-19 16:58:51"
5500,BM10858,"Vinaysagar Suryaprakash .",9945087665,"2026-09-19 16:58:51"
5501,BM10858,"Shankar S Jamadar",8792396682,"2026-09-19 16:58:51"
5502,BM10858,"Veeresh .",8861713355,"2026-09-19 16:58:51"
5503,BM10859,"Vignesh Jothilingam",9894752553,"2026-09-19 16:58:51"
5504,BM10859,"Devendran R",8015346618,"2026-09-19 16:58:51"
5505,BM10859,"SUGANYA M",7639031430,"2026-09-19 16:58:51"
5506,BM10861,"Abdul Khadar",8886828668,"2026-09-19 16:58:51"
5507,BM10861,"Devarakonada Surendra",9381289449,"2026-09-19 16:58:51"
5508,BM10861,"Kokkiligadda Rajendra Babu",7416357163,"2026-09-19 16:58:51"
5509,BM10862,"Priyanka Malviya",8225893773,"2026-09-19 16:58:51"
5510,BM10862,"Deepali Tiwari",9039992880,"2026-09-19 16:58:51"
5511,BM10862,"Pushpendra Kumar Chourey",7974766157,"2026-09-19 16:58:51"
5512,BM10863,"Mallu Kiran",9347564859,"2026-09-19 16:58:51"
5513,BM10863,"Thanagani Harish",9703573841,"2026-09-19 16:58:51"
5514,BM10863,"SHAIK SHAREEF",7013096097,"2026-09-19 16:58:51"
5515,BM10864,"Neha .",9993399036,"2026-09-19 16:58:51"
5516,BM10864,"Sonu Barhiya",7898346640,"2026-09-19 16:58:51"
5517,BM10864,"Prashant Jain",8962263844,"2026-09-19 16:58:51"
5518,BM10865,"Ranjitkumar Raju Shetty",7026412077,"2026-09-19 16:58:51"
5519,BM10865,"Shivanagoud Patil",8722292715,"2026-09-19 16:58:51"
5520,BM10867,"Mugeshkumar Murugan",7010900513,"2026-09-19 16:58:51"
5521,BM10867,"Vijayakanth Dharmalingam",7667542842,"2026-09-19 16:58:51"
5522,BM10867,"Thirupathi K",7845788714,"2026-09-19 16:58:51"
5523,BM10868,"Riya Rameshbhai Malvi",9638405863,"2026-09-19 16:58:51"
5524,BM10868,"Vishalkumar Rajubhai Raval",9898224592,"2026-09-19 16:58:51"
5525,BM10868,"KINJAL PATEL",7434914715,"2026-09-19 16:58:51"
5526,BM10870,"Pooja Swami",9351783910,"2026-09-19 16:58:51"
5527,BM10870,"Suresh Singh",9664411213,"2026-09-19 16:58:51"
5528,BM10870,"Pawan kumar Dhabai",9672861600,"2026-09-19 16:58:51"
5529,BM10871,"Dova Balasubramanyam",8790332760,"2026-09-19 16:58:51"
5530,BM10871,"Koutharapu Rupasri",7981825242,"2026-09-19 16:58:51"
5531,BM10872,"Vishnu Prasad",8871540294,"2026-09-19 16:58:51"
5532,BM10872,"Prem Singh",7697414938,"2026-09-19 16:58:51"
5533,BM10872,"Shivprasad Dangi",9826517348,"2026-09-19 16:58:51"
5534,BM10873,"Anil Valusa",9505117700,"2026-09-19 16:58:51"
5535,BM10873,"Harish Uradi",9490024942,"2026-09-19 16:58:51"
5536,BM10874,"Nageswara Rao Korra",7893036021,"2026-09-19 16:58:51"
5537,BM10874,"Velpula Ram Charan",7702134546,"2026-09-19 16:58:51"
5538,BM10884,"Rajkumar Gayen",7863915356,"2026-09-19 16:58:51"
5539,BM10884,"Sucharita Mandal",8436398827,"2026-09-19 16:58:51"
5540,BM10885,"MANISH PREMJIBHAI VELARI",9913485151,"2026-09-19 16:58:51"
5541,BM10885,"SAFIQUL HUSSAIN",8794736822,"2026-09-19 16:58:51"
5542,BM10885,"RABEYA BEGUM NURI",6002959215,"2026-09-19 16:58:51"
5543,BM10886,"SAHIL ISLAM",9800493082,"2026-09-19 16:58:51"
5544,BM10886,"DULAL MANDAL",9547130502,"2026-09-19 16:58:51"
5545,BM10888,"Mahesh Rambhau Katkar",9527536004,"2026-09-19 16:58:51"
5546,BM10888,"Ani Kumar Pandurang Kadam",8421171918,"2026-09-19 16:58:51"
5547,BM10888,"Akash Tak",9823862316,"2026-09-19 16:58:51"
5548,BM10889,"Pradeep Kumar Yadav",9827952827,"2026-09-19 16:58:51"
5549,BM10889,"Jai Singh",6266377409,"2026-09-19 16:58:51"
5550,BM10889,"Dinesh Dewangan",9617278330,"2026-09-19 16:58:51"
5551,BM10893,"PANKAJ KUMAR SHARMA",7979812675,"2026-09-19 16:58:51"
5552,BM10893,"GULSHAN KUMAR",8340700683,"2026-09-19 16:58:51"
5553,BM10893,"KRITIKA KUMARI",8102879617,"2026-09-19 16:58:51"
5554,BM10894,"Pradeep Sharma",9871790719,"2026-09-19 16:58:51"
5555,BM10894,"Kuldeep Kumar",8433489917,"2026-09-19 16:58:51"
5556,BM10894,Shailesh,8700641016,"2026-09-19 16:58:51"
5557,BM10895,"Basheer Ahamed",9360003830,"2026-09-19 16:58:51"
5558,BM10895,DIVAKAR,8940832564,"2026-09-19 16:58:51"
5559,BM10896,"Gokulraj R",9600676459,"2026-09-19 16:58:51"
5560,BM10896,"Murugan S",9952136231,"2026-09-19 16:58:51"
5561,BM10896,"Vimalbalraj J",8946010805,"2026-09-19 16:58:51"
5562,BM10900,"SUMIT KUMAR GOUR",8486746338,"2026-09-19 16:58:51"
5563,BM10900,"AMITUSH NATH",9365162804,"2026-09-19 16:58:51"
5564,BM10900,"SWARNASHIKA PAUL",6003694856,"2026-09-19 16:58:51"
5565,BM10903,"Vasantha kumar",9965940747,"2026-09-19 16:58:51"
5566,BM10903,Aruna,6382901755,"2026-09-19 16:58:51"
5567,BM10903,Navin,7639099877,"2026-09-19 16:58:51"
5568,BM10914,"Vigneshwaran Sundararajan",7904378586,"2026-09-19 16:58:51"
5569,BM10914,Ramkumar,8883107910,"2026-09-19 16:58:51"
5570,BM10914,Maheshkumar,8870290403,"2026-09-19 16:58:51"
5571,BM10915,"GOURAV SHANTIKARY",8101746640,"2026-09-19 16:58:51"
5572,BM10915,"KABI PRASAD PANDEY",9064616185,"2026-09-19 16:58:51"
5573,BM10915,"SOURAV ACHARJEE",8584858841,"2026-09-19 16:58:51"
5574,BM10917,"M Nagaraju",8374484450,"2026-09-19 16:58:51"
5575,BM10917,"G S LAKSHMI KUMAR",7013742505,"2026-09-19 16:58:51"
5576,BM10918,"Nilam HANSRAJ Yadav",9136952737,"2026-09-19 16:58:51"
5577,BM10918,"Waheed Khan",7506610449,"2026-09-19 16:58:51"
5578,BM10918,"Mohd Nayab Shaikh",7738495429,"2026-09-19 16:58:51"
5579,BM10920,KALAIARASI,8825542990,"2026-09-19 16:58:51"
5580,BM10920,"Meena S",9884298716,"2026-09-19 16:58:51"
5581,BM10924,"Vinod Kumar Yadav",7860382201,"2026-09-19 16:58:51"
5582,BM10924,"Haridutt Dev Pandey",9140997624,"2026-09-19 16:58:51"
5583,BM10925,"Asutosh Kumar Tiwari",7087235059,"2026-09-19 16:58:51"
5584,BM10925,"Ajeet Kumar",9616442375,"2026-09-19 16:58:51"
5585,BM10925,"Anand Singh",7755878827,"2026-09-19 16:58:51"
5586,BM10930,"Vishal Kumar Singh",9065283424,"2026-09-19 16:58:51"
5587,BM10930,"Rajeev Kumar",9798210915,"2026-09-19 16:58:51"
5588,BM10930,"Navin Kumar Paswan",9939986395,"2026-09-19 16:58:51"
5589,BM10931,"Jhanaviben Bharatbhai Patel",9157568633,"2026-09-19 16:58:51"
5590,BM10931,"Ved Sandipkumar Patel",9104854069,"2026-09-19 16:58:51"
5591,BM10934,"Jaimin pandya",8554037538,"2026-09-19 16:58:51"
5592,BM10934,"Vedika lambade",9359872226,"2026-09-19 16:58:51"
5593,BM10934,"Vivas Gaikar",8080810092,"2026-09-19 16:58:51"
5594,BM10938,"Basavaraj Mannigeri",9663321431,"2026-09-19 16:58:51"
5595,BM10939,"Dipesh Dattaram Dhanawade",8108243974,"2026-09-19 16:58:51"
5596,BM10939,"Mohd Sahil Jamaluddin Ansari",8454000783,"2026-09-19 16:58:51"
5597,BM10941,"Praveenkumar S",9444279052,"2026-09-19 16:58:51"
5598,BM10941,"RAMU M",8778972016,"2026-09-19 16:58:51"
5599,BM10946,"Harish kumar k",9742137043,"2026-09-19 16:58:51"
5600,BM10946,"Naveena kogali",8970163920,"2026-09-19 16:58:51"
5601,BM10947,"Krishna Debnath",9733752700,"2026-09-19 16:58:51"
5602,BM10947,"Bhajan Barman",8116203846,"2026-09-19 16:58:51"
5603,BM10947,"Joydeep Sarkar",7908094515,"2026-09-19 16:58:51"
5604,BM10948,"Sunil Kumar Swain",9437292551,"2026-09-19 16:58:51"
5605,BM10948,"Kisan Kumar Swain",8260259803,"2026-09-19 16:58:51"
5606,BM10948,"Sibaraj Sethi",9668222487,"2026-09-19 16:58:51"
5607,BM10950,"Arjun Vikani",9757430238,"2026-09-19 16:58:51"
5608,BM10950,"Shubham Redkar",8898489523,"2026-09-19 16:58:51"
5609,BM10950,"Bharati Ballal",8828615543,"2026-09-19 16:58:51"
5610,BM10954,"Sahadot Sarkar",9733452244,"2026-09-19 16:58:51"
5611,BM10954,"Akkram Mohammad",8101132060,"2026-09-19 16:58:51"
5612,BM10954,"Md Sahanurzaman",9933688128,"2026-09-19 16:58:51"
5613,BM10956,"MOHAMMED SHEHNAZ",6301357090,"2026-09-19 16:58:51"
5614,BM10956,"Sontyana Praveena Devi",9121399739,"2026-09-19 16:58:51"
5615,BM10956,"Andiboina Manikanta",6301816261,"2026-09-19 16:58:51"
5616,BM10967,"HRISHIKESH ROY",7002740940,"2026-09-19 16:58:51"
5617,BM10967,"Sheikh Abdul Mutaleb",7896931160,"2026-09-19 16:58:51"
5618,BM10972,"Narendra Yadav",8858773455,"2026-09-19 16:58:51"
5619,BM10972,Sonu,8802561345,"2026-09-19 16:58:51"
5620,BM10972,Kapil,9711893313,"2026-09-19 16:58:51"
5621,BM10973,"Harsh kumar",9999182106,"2026-09-19 16:58:51"
5622,BM10973,"Anil Kumar",8527448274,"2026-09-19 16:58:51"
5623,BM10973,"Shadab Khan",8130275971,"2026-09-19 16:58:51"
5624,BM10975,"Arijit Sarkar",7002751935,"2026-09-19 16:58:51"
5625,BM10975,"Raj Poddar",9365967809,"2026-09-19 16:58:51"
5626,BM10975,"Khanil Nath",8876862291,"2026-09-19 16:58:51"
5627,BM10992,"GOPI CHAND",9340212645,"2026-09-19 16:58:51"
5628,BM10992,"DURGESH KUMAR SURYAWANSHI",9981372749,"2026-09-19 16:58:51"
5629,BM10992,"RAJA CHANDRAKAR",7470707913,"2026-09-19 16:58:51"
5630,BM10995,"Nishant Nayak",7755853636,"2026-09-19 16:58:51"
5631,BM10995,"Anand pratap singh",9450444391,"2026-09-19 16:58:51"
5632,BM10998,"Kirti Jain",9074513979,"2026-09-19 16:58:51"
5633,BM10998,"Shivani Shrivas",8103364634,"2026-09-19 16:58:51"
5634,BM10998,"Vijay Anjana",8120611026,"2026-09-19 16:58:51"
5635,BM11007,"Krishna Gopal",8953751350,"2026-09-19 16:58:51"
5636,BM11007,"Vivek Kumar Tripathi",7898626743,"2026-09-19 16:58:51"
5637,BM11007,"Beerendra Kumar Upadhyay",9131166724,"2026-09-19 16:58:51"
5638,BM11009,"Harsimran kaur Gulati",6901339411,"2026-09-19 16:58:51"
5639,BM11009,"Arijit Ghosh",6901677793,"2026-09-19 16:58:51"
5640,BM11009,"Hina Khatun",7099190511,"2026-09-19 16:58:51"
5641,BM11010,"Surendra Kumar Sahoo",7894142059,"2026-09-19 16:58:51"
5642,BM11010,"ABINASH PARIDA",7873405079,"2026-09-19 16:58:51"
5643,BM11010,"Satyaranjan Rout",9337716702,"2026-09-19 16:58:51"
5644,BM11030,"Marka Sampath",9963131600,"2026-09-19 16:58:51"
5645,BM11030,"Manda Sai Shiva Kumar",9949629280,"2026-09-19 16:58:51"
5646,BM11031,"Yadaiah T",9705604565,"2026-09-19 16:58:51"
5647,BM11031,"Pittala Shiva Krishna",9701216598,"2026-09-19 16:58:51"
5648,BM11031,"Rajeswari Gusipogu",8125353584,"2026-09-19 16:58:51"
5649,BM11042,"Muthangi Madhu Babu",9491816151,"2026-09-19 16:58:51"
5650,BM11042,"Shaik Rabbani",9948392059,"2026-09-19 16:58:51"
5651,BM11042,"Muthangi Malyadri",9640654229,"2026-09-19 16:58:51"
5652,BM11057,"Mannam Venkateswarlu Mannam",9959582794,"2026-09-19 16:58:51"
5653,BM11057,"Ketavath Durga Naik",9392654650,"2026-09-19 16:58:51"
5654,BM11057,"Ramesh Mankidi",8978266406,"2026-09-19 16:58:51"
5655,BM11094,"Hunny Choudhary",7814171299,"2026-09-19 16:58:51"
5656,BM11094,"Abhishek Dhiman",8580547131,"2026-09-19 16:58:51"
5657,BM11094,"Nikhil Kumar",8219907540,"2026-09-19 16:58:51"
5658,BM11116,"Prabhat Kumar Sharma",8700557505,"2026-09-19 16:58:51"
5659,BM11116,"Manoj Kumar",7488778134,"2026-09-19 16:58:51"
5660,BM11146,"Sakshi Tripathi",8815024218,"2026-09-19 16:58:51"
5661,BM11146,"Archana Shukla",7067136125,"2026-09-19 16:58:51"
5662,BM11146,"AVINASH TRIPATHI",7408654508,"2026-09-19 16:58:51"
5663,BM11160,"Bommera Anil",9959663741,"2026-09-19 16:58:51"
5664,BM11160,"Dharamsoth Mallikarjun",9908997206,"2026-09-19 16:58:51"
5665,BM11160,"Vantadupula Srinivas",9182871688,"2026-09-19 16:58:51"
5666,BM11177,"PRATYUSH KUMAR BANUA",7854809932,"2026-09-19 16:58:51"
5667,BM11177,"AMBAR KUMAR PATNAIK",9777007180,"2026-09-19 16:58:51"
5668,BM11177,"RUPAK KUMAR NAG",6371896103,"2026-09-19 16:58:51"
5669,BM1171,"SITHI ROY",8472995555,"2026-09-19 16:58:51"
5670,BM1171,"SUBHRAJIT ROY",9706170603,"2026-09-19 16:58:51"
5671,BM1171,"SHAIN AHMED MAZUMDER",9678934910,"2026-09-19 16:58:51"
5672,BM1916,"RABINA DEVI",9395174883,"2026-09-19 16:58:51"
5673,BM1916,"MANISH KUMAR MISHRA",9864023345,"2026-09-19 16:58:51"
5674,BM1916,"NABANITYA RATNA KALITA",7002644650,"2026-09-19 16:58:51"
5675,BM218,"Rahul Sarjerao Bhogam",7738333559,"2026-09-19 16:58:51"
5676,BM218,"Suresh Mugutrao Londhe",7977049231,"2026-09-19 16:58:51"
5677,BM218,"Kushal Pandurang Patil",9321542141,"2026-09-19 16:58:51"
5678,BM2935,"GAUTAM DAS",8011934843,"2026-09-19 16:58:51"
5679,BM2935,"MRIDUL KANTI ROY",7086302548,"2026-09-19 16:58:51"
5680,BM2935,"BIPLOB JYOTI DAS",9864178032,"2026-09-19 16:58:51"
5681,BM2993,"Priyanka Sarkar",6265375207,"2026-09-19 16:58:51"
5682,BM2993,"Afreen Bano",7389481486,"2026-09-19 16:58:51"
5683,BM3098,"Jyoti Kushwah",7828164638,"2026-09-19 16:58:51"
5684,BM3098,"Kuldeep singh",7017714140,"2026-09-19 16:58:51"
5685,BM3098,"Deepak Tiwari",8982485814,"2026-09-19 16:58:51"
5686,BM3195,"PEEYUSH KUMAR SHARMA",8770971636,"2026-09-19 16:58:51"
5687,BM3195,"ROSHNI .",7828359770,"2026-09-19 16:58:51"
5688,BM3195,"PRAKASH KHAIRWAR",8962956686,"2026-09-19 16:58:51"
5689,BM3463,"PRASHANT KUMAR SONI",9981441349,"2026-09-19 16:58:51"
5690,BM3463,"LAKHAN LAL DEWANGAN",8349685707,"2026-09-19 16:58:51"
5691,BM3463,"Nikhil Yadav",9522311118,"2026-09-19 16:58:51"
5692,BM3826,"Bahar Uddin Barbhuiya",7002755431,"2026-09-19 16:58:51"
5693,BM3826,"Suparna Bhowmick",8486079984,"2026-09-19 16:58:51"
5694,BM3826,"Biswajit Chanda",8472802151,"2026-09-19 16:58:51"
5695,BM3837,"RUPAM KUMAR DAS",7002319314,"2026-09-19 16:58:51"
5696,BM3837,"RUMI RAY",7002554766,"2026-09-19 16:58:51"
5697,BM3837,"MAROMI KALITA",9101049783,"2026-09-19 16:58:51"
5698,BM4245,"RITU DEBNATH",7002410949,"2026-09-19 16:58:51"
5699,BM4245,"BASTAV BORGOHAIN",9395194359,"2026-09-19 16:58:51"
5700,BM4245,"GAURAV BARUAH",6000843726,"2026-09-19 16:58:51"
5701,BM4479,"GIRIN KUMAR SAIKIA",8638857925,"2026-09-19 16:58:51"
5702,BM4479,"LINI SAIKIA",9577201616,"2026-09-19 16:58:51"
5703,BM4479,"GAURANGA BONIA",8876774068,"2026-09-19 16:58:51"
5704,BM4535,"Amol Patil",9403673549,"2026-09-19 16:58:51"
5705,BM4535,"KRUSHNA DHAYADE",8956571335,"2026-09-19 16:58:51"
5706,BM4781,"SUPANKAR DEY",8794850423,"2026-09-19 16:58:51"
5707,BM4781,"SIBA PRASAD PAUL",9862295858,"2026-09-19 16:58:51"
5708,BM4781,"RAHUL DEY",7005112100,"2026-09-19 16:58:51"
5709,BM5092,Akashada,8130960458,"2026-09-19 16:58:51"
5710,BM5092,"Avaneesh shukla",8368100844,"2026-09-19 16:58:51"
5711,BM5092,Manisha,9650460282,"2026-09-19 16:58:51"
5712,BM5420,"Primiya Borah",7578061006,"2026-09-19 16:58:51"
5713,BM5420,"SATYA RANJAN DAS",9706402311,"2026-09-19 16:58:51"
5714,BM5420,"Ira Borah",6003067262,"2026-09-19 16:58:51"
5715,BM5433,"SHREYA CHAKRABORTY",8621021714,"2026-09-19 16:58:51"
5716,BM5433,"ARUP PAUL",6294064722,"2026-09-19 16:58:51"
5717,BM5433,"BABLI DEY",9382638300,"2026-09-19 16:58:51"
5718,BM5441,"PRITILAL DAS",9748093383,"2026-09-19 16:58:51"
5719,BM5441,"DHRITIDIPA DAS",9681772218,"2026-09-19 16:58:51"
5720,BM5441,"DIBYENDU GHOSH",9073344646,"2026-09-19 16:58:51"
5721,BM5525,"SUMIT DUTTA",8013536261,"2026-09-19 16:58:51"
5722,BM5525,"SUROJIT SANTRA",9933384744,"2026-09-19 16:58:51"
5723,BM5525,"MONAMI KUNDU",8777306566,"2026-09-19 16:58:51"
5724,BM5579,"MADHUMITA KALITA",8486280584,"2026-09-19 16:58:51"
5725,BM5579,"DHANESHWAR DAS",7086456893,"2026-09-19 16:58:51"
5726,BM5579,"RANJIT KALITA",8136026645,"2026-09-19 16:58:51"
5727,BM5614,"SANTOSH KUMAR PADHY",7978046919,"2026-09-19 16:58:51"
5728,BM5614,"SAMANWAYA PATTANAIK",9861820661,"2026-09-19 16:58:51"
5729,BM5673,"RAJA SARDAR",9748147421,"2026-09-19 16:58:51"
5730,BM5673,"KOUSHIK BHATTACHARYA",9874823371,"2026-09-19 16:58:51"
5731,BM5673,"SAYAN KUMAR CHATTERJEE",9038840079,"2026-09-19 16:58:51"
5732,BM5674,"RUPJYOTI SUT",9127111819,"2026-09-19 16:58:51"
5733,BM5674,"BARASHA BARMAN",6001421282,"2026-09-19 16:58:51"
5734,BM5674,"Sneha Kumari Singh",6003263445,"2026-09-19 16:58:51"
5735,BM5727,"Priyanka Das",9127148241,"2026-09-19 16:58:51"
5736,BM5727,"MEERA KUMARI SAHANI",8638856386,"2026-09-19 16:58:51"
5737,BM5727,"Antarikha Ozah",9706263693,"2026-09-19 16:58:51"
5738,BM5728,"NIRMALENDU SAMANTA",8972434638,"2026-09-19 16:58:51"
5739,BM5728,"BIKRAM NARAYAN ROY",8509223280,"2026-09-19 16:58:51"
5740,BM5728,"TANMOY BERA",9734584696,"2026-09-19 16:58:51"
5741,BM5729,"ATANU KUMAR DAS",9733785827,"2026-09-19 16:58:51"
5742,BM5729,"PRANAB KUMAR DAS",7001616451,"2026-09-19 16:58:51"
5743,BM5729,"Samir Patra",9874073590,"2026-09-19 16:58:51"
5744,BM5731,"KABERI BOSE KUNDU",9830567480,"2026-09-19 16:58:51"
5745,BM5731,"SUMAN DAS",9836550767,"2026-09-19 16:58:51"
5746,BM5731,"AJAY SETH",9681037251,"2026-09-19 16:58:51"
5747,BM5771,"MUKESH KUMAR KUMAR PARIDA",7609024463,"2026-09-19 16:58:51"
5748,BM5771,"Jagyanseni Das",6372849214,"2026-09-19 16:58:51"
5749,BM5771,"RAJIB KUMAR BAISAKHA",7377970403,"2026-09-19 16:58:51"
5750,BM5776,"NABANITA DAS",9674261849,"2026-09-19 16:58:51"
5751,BM5776,"SUCHETA BHANDARY",8240387255,"2026-09-19 16:58:51"
5752,BM5776,"SUMAN MUNIAN",9804125421,"2026-09-19 16:58:51"
5753,BM5777,"PINAKI PAL",9635676687,"2026-09-19 16:58:51"
5754,BM5777,"SANTOSH KUMAR SHAW",9064030081,"2026-09-19 16:58:51"
5755,BM5777,"PRONAB MONDAL",7029098589,"2026-09-19 16:58:51"
5756,BM5786,"AKASH BHOWMIK",9362056057,"2026-09-19 16:58:51"
5757,BM5786,"KANAI LAL SHIL",7640064576,"2026-09-19 16:58:51"
5758,BM5786,"MANIR HOSSAIN",8787591429,"2026-09-19 16:58:51"
5759,BM5792,"SAHAKAMAL JAMADAR",8910112821,"2026-09-19 16:58:51"
5760,BM5792,"SHANTANU MAKHAL",8479972109,"2026-09-19 16:58:51"
5761,BM5792,"AVIJIT KAYAL",6291377982,"2026-09-19 16:58:51"
5762,BM5797,"DHARITRI MUDULI",7205439671,"2026-09-19 16:58:51"
5763,BM5797,"SWARNAMITRA NAYAK",6371073969,"2026-09-19 16:58:51"
5764,BM5797,"SRIKANTA SAHU",9861537906,"2026-09-19 16:58:51"
5765,BM5801,"RAJESH MOHARANA",8456083637,"2026-09-19 16:58:51"
5766,BM5801,"RAJESH KUMAR DAS",9937664687,"2026-09-19 16:58:51"
5767,BM5801,"HITESH RANJAN NAYAK",9861808181,"2026-09-19 16:58:51"
5768,BM5809,"DEBU DEBNATH",7085311019,"2026-09-19 16:58:51"
5769,BM5809,"ABHIJIT SUR",7005288249,"2026-09-19 16:58:51"
5770,BM5809,"PINKI BISWAS",8794687629,"2026-09-19 16:58:51"
5771,BM5810,"PRATIMA PANDA",6296691210,"2026-09-19 16:58:51"
5772,BM5810,"SK SAMSUR ALAM",7478400792,"2026-09-19 16:58:51"
5773,BM5810,"SK MUSAROF ALI",9775320435,"2026-09-19 16:58:51"
5774,BM5811,"HEMANTA KAYAL",9563086700,"2026-09-19 16:58:51"
5775,BM5811,"SOMNATH MONDAL",9051162802,"2026-09-19 16:58:51"
5776,BM5811,"SOHAM BHANDARI",9038459712,"2026-09-19 16:58:51"
5777,BM5833,"SIBANANDA SAHU",8018962046,"2026-09-19 16:58:51"
5778,BM5833,"PRATIBHA PANDA",9938386214,"2026-09-19 16:58:51"
5779,BM5833,"HARA PRASAD BISOYI",9439228948,"2026-09-19 16:58:51"
5780,BM5842,"DIBYENDU HALDER",9563582910,"2026-09-19 16:58:51"
5781,BM5842,"MANAS KUMAR HALDER",7478214911,"2026-09-19 16:58:51"
5782,BM5842,"UDAY MAITY",6290097509,"2026-09-19 16:58:51"
5783,BM5849,"SUBHENDU NAYAK",8328945228,"2026-09-19 16:58:51"
5784,BM5849,"JANMAJAYA SENAPATI",8249134708,"2026-09-19 16:58:51"
5785,BM5849,"SHANTI LAKRA",9178381864,"2026-09-19 16:58:51"
5786,BM5888,"Satyendra Pratap Singh",7007475077,"2026-09-19 16:58:51"
5787,BM5888,"Sandeep Singh",7007785981,"2026-09-19 16:58:51"
5788,BM5901,"RAJU DAS",7278210043,"2026-09-19 16:58:51"
5789,BM5901,"SAMIRAN MONDAL",8777272050,"2026-09-19 16:58:51"
5790,BM5901,"SRESHTHA DAS",7001198768,"2026-09-19 16:58:51"
5791,BM5905,"Pravesh Belwal",9389836551,"2026-09-19 16:58:51"
5792,BM5905,Jyotsna,9643089464,"2026-09-19 16:58:51"
5793,BM5905,"Neeraj kholia",8630162123,"2026-09-19 16:58:51"
5794,BM5908,"RAMESH HAL",8926639938,"2026-09-19 16:58:51"
5795,BM5908,"KOUSHIK ADHIKARY",9126583879,"2026-09-19 16:58:51"
5796,BM5908,"AMIRUL HOSSAIN",7319506882,"2026-09-19 16:58:51"
5797,BM5939,"DEBASISH SADHUKHAN",9804222920,"2026-09-19 16:58:51"
5798,BM5939,"MOUSUMI RAJBANGSHI",8697029717,"2026-09-19 16:58:51"
5799,BM5939,"PAPPU SAHA",9830891212,"2026-09-19 16:58:51"
5800,BM5940,"SAJID ALI MONDAL",9547876096,"2026-09-19 16:58:51"
5801,BM5940,"SUMAN KARMAKAR",8334966966,"2026-09-19 16:58:51"
5802,BM5940,"DEBASHIS SARKAR",9064390825,"2026-09-19 16:58:51"
5803,BM5987,"SUROJIT DAS",8961388603,"2026-09-19 16:58:51"
5804,BM5987,"MAHABOOB MONDAL",7980582081,"2026-09-19 16:58:51"
5805,BM5987,"GAUTAM MANNA",6291565450,"2026-09-19 16:58:51"
5806,BM5993,"SMRUTIREKHA NAYAK",7064098129,"2026-09-19 16:58:51"
5807,BM5993,"SANGEET SARITA DAS",7978875761,"2026-09-19 16:58:51"
5808,BM5993,"ARCHIT SAMAL",6371504026,"2026-09-19 16:58:51"
5809,BM5995,Deepmala,7428774687,"2026-09-19 16:58:51"
5810,BM5995,"KHURSHEED AHMED",9953636699,"2026-09-19 16:58:51"
5811,BM5995,Rinku,9760877807,"2026-09-19 16:58:51"
5812,BM6008,"SWATI .",7647092632,"2026-09-19 16:58:51"
5813,BM6008,"OM PRAKASH PRASAD",9907155066,"2026-09-19 16:58:51"
5814,BM6008,"JIGYASA .",8236071523,"2026-09-19 16:58:51"
5815,BM6040,"SURAJIT DUTTA",7001042063,"2026-09-19 16:58:51"
5816,BM6040,"AVIJIT DAS",9674253633,"2026-09-19 16:58:51"
5817,BM6040,"BIPLAB BERA",8617064312,"2026-09-19 16:58:51"
5818,BM6041,"BASANTA KUMAR LENKA",8328907599,"2026-09-19 16:58:51"
5819,BM6041,"RAGHUNATH PADIARI",7008134199,"2026-09-19 16:58:51"
5820,BM6041,"PRITI SANKAR PRADHAN",6370630664,"2026-09-19 16:58:51"
5821,BM6043,"JIBAN JYOTI DAS",9861076535,"2026-09-19 16:58:51"
5822,BM6043,"NITU MALLICK",6371400735,"2026-09-19 16:58:51"
5823,BM6043,"STHITI PRAGYAN DAS",8596824792,"2026-09-19 16:58:51"
5824,BM6046,"Lakhvinder kaur",7505148781,"2026-09-19 16:58:51"
5825,BM6046,"Isha Sharma",8572891158,"2026-09-19 16:58:51"
5826,BM6046,Aashish,7599762637,"2026-09-19 16:58:51"
5827,BM6060,"SATYA PRAKASH MOHANTY",9861614459,"2026-09-19 16:58:51"
5828,BM6060,"SUBHASHREE BAI",6371966288,"2026-09-19 16:58:51"
5829,BM6060,"BINU SETHI",9938753916,"2026-09-19 16:58:51"
5830,BM6076,Sopin,9719526705,"2026-09-19 16:58:51"
5831,BM6076,"Parul Saini",8650744164,"2026-09-19 16:58:51"
5832,BM6076,"Kartikey Anand",9897846416,"2026-09-19 16:58:51"
5833,BM6088,"SURAJIT BAIDYA",9088723145,"2026-09-19 16:58:51"
5834,BM6088,"Jamadul Islam Shaikh",8350025958,"2026-09-19 16:58:51"
5835,BM6088,"DIPANKAR HALDAR",8001240511,"2026-09-19 16:58:51"
5836,BM6092,"SAUMYA RANJAN KHATUA",9937875795,"2026-09-19 16:58:51"
5837,BM6092,"PRIYA PRIYADARSINI SWAIN",9348823876,"2026-09-19 16:58:51"
5838,BM6092,"MILAN KUMAR SAHOO",9078392074,"2026-09-19 16:58:51"
5839,BM6093,"AVAYA KUMAR JENA",9777368257,"2026-09-19 16:58:51"
5840,BM6093,"RAKESH KUMAR NAYAK",7749941087,"2026-09-19 16:58:51"
5841,BM6093,"MEETA DAS",7008512942,"2026-09-19 16:58:51"
5842,BM6103,"SUBRATA DUTTA",8617541454,"2026-09-19 16:58:51"
5843,BM6103,"SUBHAJIT KANTI CHAKRABORTY",9126033967,"2026-09-19 16:58:51"
5844,BM6103,"SHUVAM ROY",9800953948,"2026-09-19 16:58:51"
5845,BM6104,"Varun Kumar Mishra",8650554466,"2026-09-19 16:58:51"
5846,BM6104,"Himani Rawt",8477846400,"2026-09-19 16:58:51"
5847,BM6104,"Simran Kapoor",9548491388,"2026-09-19 16:58:51"
5848,BM6127,"ABU HASSAN ALI",8822559266,"2026-09-19 16:58:51"
5849,BM6127,"KULDEEP NARAYAN DEKA",9365058449,"2026-09-19 16:58:51"
5850,BM6127,"RUHUL AMIN",7086180952,"2026-09-19 16:58:51"
5851,BM6129,"ABHAYA KUMAR BEHERA",9090156813,"2026-09-19 16:58:51"
5852,BM6129,"SHASHIKANT PUROHIT",7008187367,"2026-09-19 16:58:51"
5853,BM6129,"DILIP KUMAR KAR",9853751864,"2026-09-19 16:58:51"
5854,BM6132,"BAHADUR SAHA",6294363657,"2026-09-19 16:58:51"
5855,BM6132,"Supriya Kumar Das",6297729203,"2026-09-19 16:58:51"
5856,BM6132,"JAHANGIR ALAM",7384097943,"2026-09-19 16:58:51"
5857,BM6142,"SONI KUMARI",6000926012,"2026-09-19 16:58:51"
5858,BM6142,"PRIYANKI BHATTACHARJEE",9613789823,"2026-09-19 16:58:51"
5859,BM6142,"SPARXY DHADUMIA",9678051048,"2026-09-19 16:58:51"
5860,BM6147,"TANIMA ROY",7908006729,"2026-09-19 16:58:51"
5861,BM6147,"MADHURIMA PAL",7548087108,"2026-09-19 16:58:51"
5862,BM6147,"ANANTA PROSAD GHOSH",9732310297,"2026-09-19 16:58:51"
5863,BM6153,"ASHIS POLEI",8114361805,"2026-09-19 16:58:51"
5864,BM6153,"AVISEK SWAIN",8917394287,"2026-09-19 16:58:51"
5865,BM6153,"BARSHA PRIYADARSHINI BARIK",9348581836,"2026-09-19 16:58:51"
5866,BM6176,"Neeshu Saxena",8859657725,"2026-09-19 16:58:51"
5867,BM6176,"Vivek Choudhary",9897006883,"2026-09-19 16:58:51"
5868,BM6176,"Mohd Danish",8868043312,"2026-09-19 16:58:51"
5869,BM6188,"SHUBHOJIT HALDER",8013725678,"2026-09-19 16:58:51"
5870,BM6188,"SUMIT DAS",9153118161,"2026-09-19 16:58:51"
5871,BM6188,"BISWAJIT MONDAL",8293323039,"2026-09-19 16:58:51"
5872,BM6195,"SANJU BISWAS",8001363621,"2026-09-19 16:58:51"
5873,BM6195,"BAGBUL ISLAM",9126629914,"2026-09-19 16:58:51"
5874,BM6195,"Samadhi Sarkar",9748786289,"2026-09-19 16:58:51"
5875,BM6215,"Ravi Singh",7905189449,"2026-09-19 16:58:51"
5876,BM6215,"Neelambuj Mishra",6307867384,"2026-09-19 16:58:51"
5877,BM6215,"SACHIN SHUKLA",9807991791,"2026-09-19 16:58:51"
5878,BM6226,"CIMI QUEEN DEKA",8638914450,"2026-09-19 16:58:51"
5879,BM6226,"PRIYAKSHI DUTTA",7637058410,"2026-09-19 16:58:51"
5880,BM6226,"FARHA NASHRIN",8822874301,"2026-09-19 16:58:51"
5881,BM6235,"Abhishek Choudhary",9759133332,"2026-09-19 16:58:51"
5882,BM6235,"Mohd Mohsin",6397010735,"2026-09-19 16:58:51"
5883,BM6235,"Saddam Husain",9639773365,"2026-09-19 16:58:51"
5884,BM6239,"SNIGDHADEEP BANERJEE",8274972625,"2026-09-19 16:58:51"
5885,BM6239,"RAJIV SINGH",7003358136,"2026-09-19 16:58:51"
5886,BM6260,"Rohit Kumar",6206055183,"2026-09-19 16:58:51"
5887,BM6260,"Sunny Kumar",8709298610,"2026-09-19 16:58:51"
5888,BM6260,"PAPPU KUMAR",8825315295,"2026-09-19 16:58:51"
5889,BM6261,"SUMAN KUMAR SAHOO",8984198095,"2026-09-19 16:58:51"
5890,BM6261,"SOUMYA RANJAN BEHERA",9777749545,"2026-09-19 16:58:51"
5891,BM6261,"G NARESH RAO",9861038002,"2026-09-19 16:58:51"
5892,BM6264,"THOMAS GUPTA",7278328601,"2026-09-19 16:58:51"
5893,BM6264,"AJOY MONDAL",7439071462,"2026-09-19 16:58:51"
5894,BM6264,"Joy Pal",8697744549,"2026-09-19 16:58:51"
5895,BM6265,"SUKANTA SAHA",7001789926,"2026-09-19 16:58:51"
5896,BM6265,"MANIK DEY",9800672538,"2026-09-19 16:58:51"
5897,BM6265,"SUDIP MONDAL",7076393576,"2026-09-19 16:58:51"
5898,BM6266,"KISHAN CHOWDHARY",9800355696,"2026-09-19 16:58:51"
5899,BM6266,"TRINATH BISWAS",7001605125,"2026-09-19 16:58:51"
5900,BM6266,"JITEN SINGHA",9933388864,"2026-09-19 16:58:51"
5901,BM6267,"PURBA SADHU",7557020162,"2026-09-19 16:58:51"
5902,BM6267,"UJJAL MANDAL",8900233534,"2026-09-19 16:58:51"
5903,BM6267,"NANDAN GHOSH",9734443937,"2026-09-19 16:58:51"
5904,BM6274,"SURAJIT SUTRADHAR",9378092249,"2026-09-19 16:58:51"
5905,BM6274,"BABUL DEBNATH",8974494313,"2026-09-19 16:58:51"
5906,BM6274,"BIRIJIT DATTA",8415991465,"2026-09-19 16:58:51"
5907,BM6282,"Mukesh Kumar Waliya",9351637625,"2026-09-19 16:58:51"
5908,BM6282,"Murlidhar Sharma",9785312667,"2026-09-19 16:58:51"
5909,BM6282,"Jitendra Singh Shekhawat",8503088823,"2026-09-19 16:58:51"
5910,BM6290,"SUJAN MONDAL",8337004941,"2026-09-19 16:58:51"
5911,BM6290,"SANATAN SAHA",9038580819,"2026-09-19 16:58:51"
5912,BM6290,"DEBDAS NASKAR",8436553713,"2026-09-19 16:58:51"
5913,BM6295,"JAYITA GHOSH",6296993289,"2026-09-19 16:58:51"
5914,BM6295,"SUDIPTA KUNDU",8617210921,"2026-09-19 16:58:51"
5915,BM6295,"SAYANI GHOSH",9242874490,"2026-09-19 16:58:51"
5916,BM6296,"KOUSHIK KHAMRAI",8167086885,"2026-09-19 16:58:51"
5917,BM6296,"DEBABRATA GANGULI",6294591202,"2026-09-19 16:58:51"
5918,BM6296,"BAPAN DHALI",9679855805,"2026-09-19 16:58:51"
5919,BM6298,"SOURAV BISWAS",8583932493,"2026-09-19 16:58:51"
5920,BM6298,"BIPLOB SAHA",9748819117,"2026-09-19 16:58:51"
5921,BM6298,"NABIN DEY",7890163352,"2026-09-19 16:58:51"
5922,BM6313,"Vipin Chauhan",7906211587,"2026-09-19 16:58:51"
5923,BM6313,"Rakesh Singh",8755798074,"2026-09-19 16:58:51"
5924,BM6313,"Saurabh Rana",7017967624,"2026-09-19 16:58:51"
5925,BM6324,"Avinash Kumar",9758222772,"2026-09-19 16:58:51"
5926,BM6324,"Amresh Kumar",9997748766,"2026-09-19 16:58:51"
5927,BM6324,"Ajay Kumar Kumar .",9759139795,"2026-09-19 16:58:51"
5928,BM6330,"SUSANTA HAZARIKA",6002198833,"2026-09-19 16:58:51"
5929,BM6330,"AMIT GHOSH",9954828967,"2026-09-19 16:58:51"
5930,BM6330,"RIMAMONI BORAH",8876106595,"2026-09-19 16:58:51"
5931,BM6337,"GOPAL PARUA",6355395173,"2026-09-19 16:58:51"
5932,BM6337,"SANGITA DAS",8389933130,"2026-09-19 16:58:51"
5933,BM6337,"KAMAL KUMAR BERA",9932986981,"2026-09-19 16:58:51"
5934,BM6345,"PRITAM KUMAR DAS",8509890245,"2026-09-19 16:58:51"
5935,BM6345,"SHARMISTHA DAS",7550820144,"2026-09-19 16:58:51"
5936,BM6345,"JITEN GHOSH",9647582600,"2026-09-19 16:58:51"
5937,BM6349,"navneet singh",9759288002,"2026-09-19 16:58:51"
5938,BM6349,"gaurav kumar",9568689351,"2026-09-19 16:58:51"
5939,BM6358,"Pallavi Mathur",8433255515,"2026-09-19 16:58:51"
5940,BM6358,"Himanshu Kaudinya",7017226807,"2026-09-19 16:58:51"
5941,BM6358,"Manan Dutt",9808491039,"2026-09-19 16:58:51"
5942,BM6382,"JAYANTA KUMAR BOSE",9332578990,"2026-09-19 16:58:51"
5943,BM6382,"DEBAJYOTI DAS",8777279628,"2026-09-19 16:58:51"
5944,BM6382,"SUBRATA GHOSH",8926808262,"2026-09-19 16:58:51"
5945,BM6388,"Yogendra singh",9935700899,"2026-09-19 16:58:51"
5946,BM6388,"Fazil Khan",8077179855,"2026-09-19 16:58:51"
5947,BM6388,"Anuj pachauri",6396197035,"2026-09-19 16:58:51"
5948,BM6392,"JISHU DAS",8794779817,"2026-09-19 16:58:51"
5949,BM6392,"RAKESH DAS",9774072002,"2026-09-19 16:58:51"
5950,BM6392,"SAJID SAMAD",7005208637,"2026-09-19 16:58:51"
5951,BM6417,"Shanu Gupta",9548024131,"2026-09-19 16:58:51"
5952,BM6417,"Shubham .",7037570537,"2026-09-19 16:58:51"
5953,BM6593,"RIMI DAS",8822663052,"2026-09-19 16:58:51"
5954,BM6593,"BISHAL DAS",7002190263,"2026-09-19 16:58:51"
5955,BM6593,"Geetanjali Choudhury",9395160773,"2026-09-19 16:58:51"
