ID,BM_CODE,PURPOSE,OPERATOR,OTP_DATE,OTP_TIME,MOBILE_NUMBER,CREATED_AT
1,BM10034,"Customer Purpose",gen32,2026-09-01,11:23:08,9090729630,"2026-09-19 19:09:59"
2,BM10034,"Customer Purpose",gen9,2026-09-01,15:05:34,9556834447,"2026-09-19 19:09:59"
3,BM10034,"Customer Purpose",gen22,2026-09-01,17:01:35,9556834447,"2026-09-19 19:09:59"
4,BM10034,"Final Vault Closing",iifl5,2026-09-01,19:00:55,9556834447,"2026-09-19 19:09:59"
5,BM10034,"Customer Purpose",gen38,2026-09-02,12:42:09,9556834447,"2026-09-19 19:09:59"
6,BM10034,"Customer Purpose",gen2,2026-09-02,16:27:24,9556834447,"2026-09-19 19:09:59"
7,BM10034,"Final Vault Closing",gen25,2026-09-02,18:16:15,9090729630,"2026-09-19 19:09:59"
8,BM10034,"Customer Purpose",gen9,2026-09-03,11:07:22,9853330414,"2026-09-19 19:09:59"
9,BM10034,"Customer Purpose",gen15,2026-09-03,13:23:28,9853330414,"2026-09-19 19:09:59"
10,BM10034,"Customer Purpose",gen4,2026-09-03,14:23:56,9556834447,"2026-09-19 19:09:59"
11,BM10034,"Customer Purpose",gen10,2026-09-03,15:42:19,9853330414,"2026-09-19 19:09:59"
12,BM10034,"Final Vault Closing",gen25,2026-09-03,17:59:53,9556834447,"2026-09-19 19:09:59"
13,BM10034,"Customer Purpose",gen20,2026-09-05,10:51:16,9853330414,"2026-09-19 19:09:59"
14,BM10034,"Customer Purpose",gen4,2026-09-05,11:54:10,9090729630,"2026-09-19 19:09:59"
15,BM10034,"Final Vault Closing",gen12,2026-09-05,18:01:45,9090729630,"2026-09-19 19:09:59"
16,BM10034,"Customer Purpose",gen24,2026-09-07,10:33:09,9853330414,"2026-09-19 19:09:59"
17,BM10034,"Customer Purpose",gen5,2026-09-07,14:28:58,9556834447,"2026-09-19 19:09:59"
18,BM10034,"Customer Purpose",gen28,2026-09-07,15:36:34,9556834447,"2026-09-19 19:09:59"
19,BM10034,"Final Vault Closing",gen27,2026-09-07,18:42:39,9556834447,"2026-09-19 19:09:59"
20,BM10034,"Customer Purpose",gen24,2026-09-08,11:52:00,9556834447,"2026-09-19 19:09:59"
21,BM10034,"Customer Purpose",gen22,2026-09-08,12:47:20,9853330414,"2026-09-19 19:09:59"
22,BM10034,"Customer Purpose",gen15,2026-09-08,15:17:14,9853330414,"2026-09-19 19:09:59"
23,BM10034,"Final Vault Closing",gen13,2026-09-08,18:34:58,9853330414,"2026-09-19 19:09:59"
24,BM10034,"Customer Purpose",gen29,2026-09-09,11:00:09,9090729630,"2026-09-19 19:09:59"
25,BM10034,"Customer Purpose",gen24,2026-09-09,17:02:27,9090729630,"2026-09-19 19:09:59"
26,BM10034,"Final Vault Closing",gen9,2026-09-09,18:17:50,9556834447,"2026-09-19 19:09:59"
27,BM10034,"Customer Purpose",gen36,2026-09-10,11:39:20,9090729630,"2026-09-19 19:09:59"
28,BM10034,"Customer Purpose",gen1,2026-09-10,12:42:45,9853330414,"2026-09-19 19:09:59"
29,BM10034,"Customer Purpose",gen28,2026-09-10,12:54:49,9853330414,"2026-09-19 19:09:59"
30,BM10034,"Customer Purpose",gen9,2026-09-10,14:18:14,9090729630,"2026-09-19 19:09:59"
31,BM10034,"Final Vault Closing",gen,2026-09-10,18:43:01,9556834447,"2026-09-19 19:09:59"
32,BM10034,"Customer Purpose",gen13,2026-09-11,10:43:53,9853330414,"2026-09-19 19:09:59"
33,BM10034,"Customer Purpose",gen25,2026-09-11,13:43:43,9853330414,"2026-09-19 19:09:59"
34,BM10034,"Customer Purpose",gen37,2026-09-11,17:21:21,9090729630,"2026-09-19 19:09:59"
35,BM10034,"Final Vault Closing",gen5,2026-09-11,18:38:48,9853330414,"2026-09-19 19:09:59"
36,BM10034,"Audit Purpose",gen36,2026-09-12,10:45:49,9556834447,"2026-09-19 19:09:59"
37,BM10034,"Customer Purpose",gen17,2026-09-12,11:39:33,9090729630,"2026-09-19 19:09:59"
38,BM10034,"Customer Purpose",gen21,2026-09-12,12:14:47,9090729630,"2026-09-19 19:09:59"
39,BM10034,"Customer Purpose",gen19,2026-09-12,12:49:05,9853330414,"2026-09-19 19:09:59"
40,BM10034,"Customer Purpose",gen8,2026-09-12,13:26:42,9090729630,"2026-09-19 19:09:59"
41,BM10034,"Customer Purpose",gen5,2026-09-12,14:01:28,9853330414,"2026-09-19 19:09:59"
42,BM10034,"Audit Purpose",gen12,2026-09-12,15:38:02,NULL,"2026-09-19 19:09:59"
43,BM10034,"Audit Purpose",gen10,2026-09-12,16:35:29,9853330414,"2026-09-19 19:09:59"
44,BM10034,"Final Vault Closing",gen13,2026-09-12,18:59:45,9853330414,"2026-09-19 19:09:59"
45,BM10034,"Audit Purpose",gen16,2026-09-15,10:57:42,9090729630,"2026-09-19 19:09:59"
46,BM10034,"Audit Purpose",gen25,2026-09-15,11:11:22,9556834447,"2026-09-19 19:09:59"
47,BM10034,"Audit Purpose",gen6,2026-09-15,12:19:00,9556834447,"2026-09-19 19:09:59"
48,BM10034,"Audit Purpose",gen29,2026-09-15,13:09:11,9556834447,"2026-09-19 19:09:59"
49,BM10034,"Audit Purpose",gen26,2026-09-15,14:03:44,9090729630,"2026-09-19 19:09:59"
50,BM10034,"Audit Purpose",gen2,2026-09-15,14:08:57,9090729630,"2026-09-19 19:09:59"
51,BM10034,"Audit Purpose",gen19,2026-09-15,15:02:30,9853330414,"2026-09-19 19:09:59"
52,BM10034,"Audit Purpose",gen20,2026-09-15,16:30:29,9556834447,"2026-09-19 19:09:59"
53,BM10034,"Audit Purpose",gen17,2026-09-15,17:27:21,9556834447,"2026-09-19 19:09:59"
54,BM10034,"Final Vault Closing",gen16,2026-09-15,18:35:33,9090729630,"2026-09-19 19:09:59"
55,BM10034,"Audit Purpose",gen7,2026-09-16,10:34:02,9556834447,"2026-09-19 19:09:59"
56,BM10034,"Audit Purpose",gen30,2026-09-16,10:58:06,9090729630,"2026-09-19 19:09:59"
57,BM10034,"Audit Purpose",gen5,2026-09-16,11:26:35,9853330414,"2026-09-19 19:09:59"
58,BM10034,"Audit Purpose",gen19,2026-09-16,12:20:13,9090729630,"2026-09-19 19:09:59"
59,BM10034,"Audit Purpose",gen35,2026-09-16,13:32:16,9853330414,"2026-09-19 19:09:59"
60,BM10034,"Audit Purpose",gen37,2026-09-16,16:07:13,9090729630,"2026-09-19 19:09:59"
61,BM10034,"Final Vault Closing",gen7,2026-09-16,18:57:00,9090729630,"2026-09-19 19:09:59"
62,BM10034,"Audit Purpose",gen5,2026-09-17,10:14:04,9853330414,"2026-09-19 19:09:59"
63,BM10034,"Audit Purpose",gen34,2026-09-17,11:09:47,9853330414,"2026-09-19 19:09:59"
64,BM10034,"Audit Purpose",gen7,2026-09-17,12:09:11,9090729630,"2026-09-19 19:09:59"
65,BM10034,"Audit Purpose",gen10,2026-09-17,13:19:23,9090729630,"2026-09-19 19:09:59"
66,BM10034,"Audit Purpose",gen22,2026-09-17,14:50:44,9853330414,"2026-09-19 19:09:59"
67,BM10034,"Audit Purpose",gen17,2026-09-17,16:27:04,9853330414,"2026-09-19 19:09:59"
68,BM10034,"Audit Purpose",gen23,2026-09-17,16:47:54,9090729630,"2026-09-19 19:09:59"
69,BM10034,"Final Vault Closing",gen9,2026-09-17,18:31:06,9853330414,"2026-09-19 19:09:59"
70,BM10034,"Customer Purpose",gen14,2026-09-18,10:36:44,9556834447,"2026-09-19 19:09:59"
71,BM10034,"Customer Purpose",gen10,2026-09-18,15:29:36,9556834447,"2026-09-19 19:09:59"
72,BM10034,"Customer Purpose",gen29,2026-09-18,16:34:50,9556834447,"2026-09-19 19:09:59"
73,BM10034,"Final Vault Closing",gen17,2026-09-18,18:54:16,9556834447,"2026-09-19 19:09:59"
74,BM10034,"Customer Purpose",gen24,2026-09-19,12:09:24,9853330414,"2026-09-19 19:09:59"
75,BM10034,"Customer Purpose",gen21,2026-09-19,14:47:55,9853330414,"2026-09-19 19:09:59"
76,BM10495,"Customer Purpose",gen29,2026-09-01,11:42:36,8767132044,"2026-09-19 19:09:59"
77,BM10495,"Customer Purpose",gen27,2026-09-01,12:54:13,8767132044,"2026-09-19 19:09:59"
78,BM10495,"Customer Purpose",gen29,2026-09-01,13:31:07,8767132044,"2026-09-19 19:09:59"
79,BM10495,"Customer Purpose",gen6,2026-09-01,14:33:10,8767132044,"2026-09-19 19:09:59"
80,BM10495,"Final Vault Closing",gen25,2026-09-01,18:30:58,9075637081,"2026-09-19 19:09:59"
81,BM10495,"Customer Purpose",gen10,2026-09-02,12:27:11,9075637081,"2026-09-19 19:09:59"
82,BM10495,"Customer Purpose",gen34,2026-09-02,14:33:56,8767132044,"2026-09-19 19:09:59"
83,BM10495,"Final Vault Closing",gen26,2026-09-02,18:06:48,9075637081,"2026-09-19 19:09:59"
84,BM10495,"Customer Purpose",gen5,2026-09-03,13:05:50,9075637081,"2026-09-19 19:09:59"
85,BM10495,"Final Vault Closing",gen21,2026-09-03,18:43:49,8767132044,"2026-09-19 19:09:59"
86,BM10495,"Customer Purpose",gen24,2026-09-04,12:17:52,9075637081,"2026-09-19 19:09:59"
87,BM10495,"Customer Purpose",gen25,2026-09-04,13:31:02,8767132044,"2026-09-19 19:09:59"
88,BM10495,"Customer Purpose",gen32,2026-09-04,14:08:42,9075637081,"2026-09-19 19:09:59"
89,BM10495,"Customer Purpose",gen28,2026-09-04,14:46:02,9370295628,"2026-09-19 19:09:59"
90,BM10495,"Customer Purpose",gen28,2026-09-04,16:42:59,9075637081,"2026-09-19 19:09:59"
91,BM10495,"Customer Purpose",gen4,2026-09-04,17:11:38,9075637081,"2026-09-19 19:09:59"
92,BM10495,"Final Vault Closing",gen12,2026-09-04,17:55:04,8767132044,"2026-09-19 19:09:59"
93,BM10495,"Customer Purpose",gen13,2026-09-07,13:32:40,9075637081,"2026-09-19 19:09:59"
94,BM10495,"Customer Purpose",gen1,2026-09-07,14:22:49,8767132044,"2026-09-19 19:09:59"
95,BM10495,"Customer Purpose",gen7,2026-09-07,15:12:31,8767132044,"2026-09-19 19:09:59"
96,BM10495,"Customer Purpose",gen21,2026-09-07,15:42:18,9075637081,"2026-09-19 19:09:59"
97,BM10495,"Customer Purpose",gen3,2026-09-07,16:00:19,8767132044,"2026-09-19 19:09:59"
98,BM10495,"Customer Purpose",gen15,2026-09-07,17:43:34,8767132044,"2026-09-19 19:09:59"
99,BM10495,"Final Vault Closing",gen6,2026-09-07,18:00:10,9075637081,"2026-09-19 19:09:59"
100,BM10495,"Customer Purpose",gen5,2026-09-08,11:47:07,8767132044,"2026-09-19 19:09:59"
101,BM10495,"Customer Purpose",gen11,2026-09-08,12:36:10,9370295628,"2026-09-19 19:09:59"
102,BM10495,"Customer Purpose",gen33,2026-09-08,13:06:52,9370295628,"2026-09-19 19:09:59"
103,BM10495,"Customer Purpose",iifl4,2026-09-08,15:45:07,8767132044,"2026-09-19 19:09:59"
104,BM10495,"Customer Purpose",gen32,2026-09-08,17:18:32,9370295628,"2026-09-19 19:09:59"
105,BM10495,"Final Vault Closing",gen5,2026-09-08,18:07:09,9075637081,"2026-09-19 19:09:59"
106,BM10495,"Customer Purpose",gen4,2026-09-09,13:28:36,9370295628,"2026-09-19 19:09:59"
107,BM10495,"Customer Purpose",gen23,2026-09-09,14:48:59,9075637081,"2026-09-19 19:09:59"
108,BM10495,"Customer Purpose",gen21,2026-09-09,16:56:20,9075637081,"2026-09-19 19:09:59"
109,BM10495,"Customer Purpose",gen11,2026-09-09,17:33:44,9075637081,"2026-09-19 19:09:59"
110,BM10495,"Final Vault Closing",gen4,2026-09-09,18:32:33,9370295628,"2026-09-19 19:09:59"
111,BM10495,"Customer Purpose",gen21,2026-09-10,12:39:15,8767132044,"2026-09-19 19:09:59"
112,BM10495,"Customer Purpose",gen7,2026-09-10,14:23:04,9370295628,"2026-09-19 19:09:59"
113,BM10495,"Customer Purpose",gen5,2026-09-10,15:34:38,9370295628,"2026-09-19 19:09:59"
114,BM10495,"Customer Purpose",gen15,2026-09-10,16:49:58,8767132044,"2026-09-19 19:09:59"
115,BM10495,"Final Vault Closing",gen39,2026-09-10,19:00:08,9370295628,"2026-09-19 19:09:59"
116,BM10495,"Customer Purpose",gen20,2026-09-11,11:07:08,9370295628,"2026-09-19 19:09:59"
117,BM10495,"Customer Purpose",gen8,2026-09-11,12:37:35,9370295628,"2026-09-19 19:09:59"
118,BM10495,"Customer Purpose",gen25,2026-09-11,15:10:57,9075637081,"2026-09-19 19:09:59"
119,BM10495,"Customer Purpose",gen6,2026-09-11,15:31:07,8767132044,"2026-09-19 19:09:59"
120,BM10495,"Customer Purpose",gen16,2026-09-11,15:53:48,8767132044,"2026-09-19 19:09:59"
121,BM10495,"Customer Purpose",gen8,2026-09-11,16:01:37,9370295628,"2026-09-19 19:09:59"
122,BM10495,"Customer Purpose",gen39,2026-09-11,16:37:44,9370295628,"2026-09-19 19:09:59"
123,BM10495,"Customer Purpose",gen36,2026-09-11,17:35:25,8767132044,"2026-09-19 19:09:59"
124,BM10495,"Customer Purpose",gen6,2026-09-12,12:27:02,9075637081,"2026-09-19 19:09:59"
125,BM10495,"Packet Counting",gen25,2026-09-12,12:59:38,8767132044,"2026-09-19 19:09:59"
126,BM10495,"Customer Purpose",gen10,2026-09-12,15:46:13,8767132044,"2026-09-19 19:09:59"
127,BM10495,"Customer Purpose",iifl4,2026-09-12,16:29:05,8767132044,"2026-09-19 19:09:59"
128,BM10495,"Final Vault Closing",gen10,2026-09-12,18:07:06,8767132044,"2026-09-19 19:09:59"
129,BM10495,"Customer Purpose",gen4,2026-09-15,11:29:22,8767132044,"2026-09-19 19:09:59"
130,BM10495,"Customer Purpose",gen30,2026-09-15,12:58:07,8767132044,"2026-09-19 19:09:59"
131,BM10495,"Customer Purpose",gen27,2026-09-15,14:41:01,8767132044,"2026-09-19 19:09:59"
132,BM10495,"Customer Purpose",gen7,2026-09-15,15:41:15,9075637081,"2026-09-19 19:09:59"
133,BM10495,"Customer Purpose",gen25,2026-09-15,17:28:38,9370295628,"2026-09-19 19:09:59"
134,BM10495,"Final Vault Closing",gen19,2026-09-15,18:31:15,9075637081,"2026-09-19 19:09:59"
135,BM10495,"Customer Purpose",gen34,2026-09-16,10:44:03,9370295628,"2026-09-19 19:09:59"
136,BM10495,"Customer Purpose",gen17,2026-09-16,11:40:55,8767132044,"2026-09-19 19:09:59"
137,BM10495,"Customer Purpose",gen30,2026-09-16,14:48:52,9370295628,"2026-09-19 19:09:59"
138,BM10495,"Customer Purpose",gen29,2026-09-16,16:27:37,9370295628,"2026-09-19 19:09:59"
139,BM10495,"Customer Purpose",gen16,2026-09-16,17:02:53,8767132044,"2026-09-19 19:09:59"
140,BM10495,"Final Vault Closing",gen38,2026-09-16,17:53:41,9075637081,"2026-09-19 19:09:59"
141,BM10495,"Customer Purpose",gen12,2026-09-17,11:42:01,9075637081,"2026-09-19 19:09:59"
142,BM10495,"Customer Purpose",gen10,2026-09-17,13:09:43,9075637081,"2026-09-19 19:09:59"
143,BM10495,"Customer Purpose",gen18,2026-09-17,15:53:16,9075637081,"2026-09-19 19:09:59"
144,BM10495,"Customer Purpose",gen34,2026-09-17,17:56:43,9075637081,"2026-09-19 19:09:59"
145,BM10495,"Final Vault Closing",gen18,2026-09-17,18:42:14,9075637081,"2026-09-19 19:09:59"
146,BM10495,"Customer Purpose",gen9,2026-09-18,11:37:34,9075637081,"2026-09-19 19:09:59"
147,BM10495,"Customer Purpose",gen10,2026-09-18,12:27:27,9075637081,"2026-09-19 19:09:59"
148,BM10495,"Customer Purpose",gen37,2026-09-18,14:25:19,9075637081,"2026-09-19 19:09:59"
149,BM10495,"Customer Purpose",gen6,2026-09-18,15:30:22,9075637081,"2026-09-19 19:09:59"
150,BM10495,"Customer Purpose",gen6,2026-09-18,16:17:33,9075637081,"2026-09-19 19:09:59"
151,BM10495,"Other Purpose",gen18,2026-09-18,16:32:29,9075637081,"2026-09-19 19:09:59"
152,BM10495,"Final Vault Closing",gen39,2026-09-18,18:13:51,7742091244,"2026-09-19 19:09:59"
153,BM10495,"Customer Purpose",gen21,2026-09-19,10:49:19,9075637081,"2026-09-19 19:09:59"
154,BM10495,"Customer Purpose",gen3,2026-09-19,11:52:48,9075637081,"2026-09-19 19:09:59"
155,BM10495,"Other Purpose",gen33,2026-09-19,12:09:01,9075637081,"2026-09-19 19:09:59"
156,BM10495,"Customer Purpose",gen26,2026-09-19,13:18:38,9075637081,"2026-09-19 19:09:59"
157,BM10495,"Other Purpose",gen26,2026-09-19,13:45:13,9075637081,"2026-09-19 19:09:59"
158,BM10495,"Customer Purpose",gen39,2026-09-19,14:59:20,9075637081,"2026-09-19 19:09:59"
159,BM10495,"Customer Purpose",gen16,2026-09-19,15:30:10,9075637081,"2026-09-19 19:09:59"
160,BM10507,"Customer Purpose",gen24,2026-09-01,10:49:17,8101686677,"2026-09-19 19:09:59"
161,BM10507,"Customer Purpose",gen36,2026-09-01,11:46:37,7699088179,"2026-09-19 19:09:59"
162,BM10507,"Customer Purpose",gen6,2026-09-01,12:11:09,8101686677,"2026-09-19 19:09:59"
163,BM10507,"Customer Purpose",gen12,2026-09-01,12:38:12,7699088179,"2026-09-19 19:09:59"
164,BM10507,"Customer Purpose",gen6,2026-09-01,13:16:44,8101686677,"2026-09-19 19:09:59"
165,BM10507,"Customer Purpose",gen6,2026-09-01,13:43:16,7872094014,"2026-09-19 19:09:59"
166,BM10507,"Customer Purpose",gen29,2026-09-01,14:46:55,8101686677,"2026-09-19 19:09:59"
167,BM10507,"Customer Purpose",gen24,2026-09-01,15:49:13,8101686677,"2026-09-19 19:09:59"
168,BM10507,"Customer Purpose",gen32,2026-09-01,17:06:00,7699088179,"2026-09-19 19:09:59"
169,BM10507,"Final Vault Closing",gen9,2026-09-01,18:06:45,7872094014,"2026-09-19 19:09:59"
170,BM10507,"Customer Purpose",gen6,2026-09-02,11:04:35,7699088179,"2026-09-19 19:09:59"
171,BM10507,"Customer Purpose",gen32,2026-09-02,11:42:13,8101686677,"2026-09-19 19:09:59"
172,BM10507,"Customer Purpose",gen9,2026-09-02,12:25:18,8101686677,"2026-09-19 19:09:59"
173,BM10507,"Customer Purpose",gen32,2026-09-02,12:39:02,8101686677,"2026-09-19 19:09:59"
174,BM10507,"Customer Purpose",gen34,2026-09-02,13:26:44,8101686677,"2026-09-19 19:09:59"
175,BM10507,"Customer Purpose",gen12,2026-09-02,13:45:43,8101686677,"2026-09-19 19:09:59"
176,BM10507,"Customer Purpose",gen18,2026-09-02,14:25:46,8101686677,"2026-09-19 19:09:59"
177,BM10507,"Final Vault Closing",gen26,2026-09-02,17:57:48,8101686677,"2026-09-19 19:09:59"
178,BM10507,"Customer Purpose",gen6,2026-09-03,10:57:43,7699088179,"2026-09-19 19:09:59"
179,BM10507,"Customer Purpose",gen28,2026-09-03,11:31:10,8101686677,"2026-09-19 19:09:59"
180,BM10507,"Customer Purpose",gen32,2026-09-03,11:45:58,7872094014,"2026-09-19 19:09:59"
181,BM10507,"Customer Purpose",gen32,2026-09-03,12:34:32,7872094014,"2026-09-19 19:09:59"
182,BM10507,"Customer Purpose",gen20,2026-09-03,13:18:07,8101686677,"2026-09-19 19:09:59"
183,BM10507,"Customer Purpose",gen27,2026-09-03,13:38:58,7872094014,"2026-09-19 19:09:59"
184,BM10507,"Customer Purpose",gen12,2026-09-03,13:45:02,8101686677,"2026-09-19 19:09:59"
185,BM10507,"Customer Purpose",gen18,2026-09-03,14:24:22,8101686677,"2026-09-19 19:09:59"
186,BM10507,"Customer Purpose",gen26,2026-09-03,15:23:33,8101686677,"2026-09-19 19:09:59"
187,BM10507,"Final Vault Closing",gen21,2026-09-03,17:48:47,7699088179,"2026-09-19 19:09:59"
188,BM10507,"Customer Purpose",gen24,2026-09-04,11:52:21,8101686677,"2026-09-19 19:09:59"
189,BM10507,"Customer Purpose",gen26,2026-09-04,13:29:09,8101686677,"2026-09-19 19:09:59"
190,BM10507,"Final Vault Closing",gen25,2026-09-04,17:48:02,7699088179,"2026-09-19 19:09:59"
191,BM10507,"Customer Purpose",gen7,2026-09-05,10:37:59,8101686677,"2026-09-19 19:09:59"
192,BM10507,"Customer Purpose",gen24,2026-09-05,11:12:01,8101686677,"2026-09-19 19:09:59"
193,BM10507,"Customer Purpose",gen,2026-09-05,12:09:50,8101686677,"2026-09-19 19:09:59"
194,BM10507,"Customer Purpose",gen28,2026-09-05,12:59:39,8101686677,"2026-09-19 19:09:59"
195,BM10507,"Customer Purpose",gen27,2026-09-05,13:19:25,8101686677,"2026-09-19 19:09:59"
196,BM10507,"Customer Purpose",gen27,2026-09-05,14:28:33,7699088179,"2026-09-19 19:09:59"
197,BM10507,"Customer Purpose",gen12,2026-09-05,15:21:45,8101686677,"2026-09-19 19:09:59"
198,BM10507,"Customer Purpose",gen6,2026-09-05,16:05:52,8101686677,"2026-09-19 19:09:59"
199,BM10507,"Final Vault Closing",gen27,2026-09-05,17:42:22,8101686677,"2026-09-19 19:09:59"
200,BM10507,"Customer Purpose",gen3,2026-09-07,11:03:28,7699088179,"2026-09-19 19:09:59"
201,BM10507,"Customer Purpose",gen26,2026-09-07,11:55:13,8101686677,"2026-09-19 19:09:59"
202,BM10507,"Customer Purpose",gen21,2026-09-07,13:28:18,8101686677,"2026-09-19 19:09:59"
203,BM10507,"Customer Purpose",gen13,2026-09-07,14:22:31,7699088179,"2026-09-19 19:09:59"
204,BM10507,"Final Vault Closing",gen28,2026-09-07,17:50:45,8101686677,"2026-09-19 19:09:59"
205,BM10507,"Customer Purpose",gen25,2026-09-08,10:54:07,7699088179,"2026-09-19 19:09:59"
206,BM10507,"Customer Purpose",gen8,2026-09-08,11:28:25,7699088179,"2026-09-19 19:09:59"
207,BM10507,"Customer Purpose",gen25,2026-09-08,11:48:27,8101686677,"2026-09-19 19:09:59"
208,BM10507,"Customer Purpose",gen13,2026-09-08,12:16:44,8101686677,"2026-09-19 19:09:59"
209,BM10507,"Customer Purpose",gen25,2026-09-08,13:24:01,8101686677,"2026-09-19 19:09:59"
210,BM10507,"Customer Purpose",gen34,2026-09-08,14:08:53,7699088179,"2026-09-19 19:09:59"
211,BM10507,"Customer Purpose",gen18,2026-09-08,14:38:49,8101686677,"2026-09-19 19:09:59"
212,BM10507,"Customer Purpose",gen17,2026-09-08,15:27:09,8101686677,"2026-09-19 19:09:59"
213,BM10507,"Final Vault Closing",gen22,2026-09-08,17:55:53,8101686677,"2026-09-19 19:09:59"
214,BM10507,"Customer Purpose",gen26,2026-09-09,10:30:46,8101686677,"2026-09-19 19:09:59"
215,BM10507,"Customer Purpose",gen7,2026-09-09,13:04:39,8101686677,"2026-09-19 19:09:59"
216,BM10507,"Customer Purpose",gen26,2026-09-09,13:37:21,8101686677,"2026-09-19 19:09:59"
217,BM10507,"Customer Purpose",gen14,2026-09-09,15:36:47,8101686677,"2026-09-19 19:09:59"
218,BM10507,"Final Vault Closing",gen37,2026-09-09,18:13:40,8101686677,"2026-09-19 19:09:59"
219,BM10507,"Customer Purpose",gen7,2026-09-10,11:48:53,7699088179,"2026-09-19 19:09:59"
220,BM10507,"Customer Purpose",gen18,2026-09-10,12:07:16,8101686677,"2026-09-19 19:09:59"
221,BM10507,"Customer Purpose",gen19,2026-09-10,12:41:22,8101686677,"2026-09-19 19:09:59"
222,BM10507,"Customer Purpose",gen21,2026-09-10,13:18:40,7699088179,"2026-09-19 19:09:59"
223,BM10507,"Customer Purpose",gen6,2026-09-10,14:02:42,8101686677,"2026-09-19 19:09:59"
224,BM10507,"Customer Purpose",gen27,2026-09-10,14:55:57,8101686677,"2026-09-19 19:09:59"
225,BM10507,"Customer Purpose",gen32,2026-09-10,16:03:05,8101686677,"2026-09-19 19:09:59"
226,BM10507,"Final Vault Closing",gen26,2026-09-10,17:52:21,7699088179,"2026-09-19 19:09:59"
227,BM10507,"Customer Purpose",gen17,2026-09-11,10:26:50,7699088179,"2026-09-19 19:09:59"
228,BM10507,"Customer Purpose",gen12,2026-09-11,10:38:17,8101686677,"2026-09-19 19:09:59"
229,BM10507,"Customer Purpose",gen12,2026-09-11,11:13:21,8101686677,"2026-09-19 19:09:59"
230,BM10507,"Customer Purpose",gen7,2026-09-11,11:24:47,7699088179,"2026-09-19 19:09:59"
231,BM10507,"Customer Purpose",gen37,2026-09-11,11:39:10,8101686677,"2026-09-19 19:09:59"
232,BM10507,"Customer Purpose",gen32,2026-09-11,12:02:34,8101686677,"2026-09-19 19:09:59"
233,BM10507,"Customer Purpose",gen6,2026-09-11,13:57:52,8101686677,"2026-09-19 19:09:59"
234,BM10507,"Customer Purpose",gen28,2026-09-11,14:28:20,8101686677,"2026-09-19 19:09:59"
235,BM10507,"Customer Purpose",gen39,2026-09-11,15:31:28,8101686677,"2026-09-19 19:09:59"
236,BM10507,"Customer Purpose",gen14,2026-09-11,16:55:52,8101686677,"2026-09-19 19:09:59"
237,BM10507,"Final Vault Closing",gen4,2026-09-11,18:08:47,7699088179,"2026-09-19 19:09:59"
238,BM10507,"Customer Purpose",gen5,2026-09-12,10:56:35,7699088179,"2026-09-19 19:09:59"
239,BM10507,"Customer Purpose",gen3,2026-09-12,11:41:56,7699088179,"2026-09-19 19:09:59"
240,BM10507,"Customer Purpose",gen21,2026-09-12,11:59:23,7699088179,"2026-09-19 19:09:59"
241,BM10507,"Customer Purpose",gen13,2026-09-12,12:56:28,7699088179,"2026-09-19 19:09:59"
242,BM10507,"Customer Purpose",gen7,2026-09-12,14:01:42,7699088179,"2026-09-19 19:09:59"
243,BM10507,"Customer Purpose",gen36,2026-09-12,14:20:37,7699088179,"2026-09-19 19:09:59"
244,BM10507,"Final Vault Closing",gen10,2026-09-12,18:14:56,7699088179,"2026-09-19 19:09:59"
245,BM10507,"Customer Purpose",gen12,2026-09-14,10:58:53,7699088179,"2026-09-19 19:09:59"
246,BM10507,"Customer Purpose",gen15,2026-09-14,11:30:08,8101686677,"2026-09-19 19:09:59"
247,BM10507,"Customer Purpose",gen10,2026-09-14,12:06:43,8101686677,"2026-09-19 19:09:59"
248,BM10507,"Customer Purpose",gen10,2026-09-14,12:28:24,8101686677,"2026-09-19 19:09:59"
249,BM10507,"Customer Purpose",gen17,2026-09-14,13:24:52,8101686677,"2026-09-19 19:09:59"
250,BM10507,"Customer Purpose",gen16,2026-09-14,13:48:12,8101686677,"2026-09-19 19:09:59"
251,BM10507,"Customer Purpose",gen40,2026-09-14,14:18:55,8101686677,"2026-09-19 19:09:59"
252,BM10507,"Customer Purpose",gen15,2026-09-14,15:42:49,8101686677,"2026-09-19 19:09:59"
253,BM10507,"Customer Purpose",gen17,2026-09-14,17:02:01,7699088179,"2026-09-19 19:09:59"
254,BM10507,"Final Vault Closing",gen29,2026-09-14,18:19:41,7699088179,"2026-09-19 19:09:59"
255,BM10507,"Customer Purpose",gen18,2026-09-15,10:34:37,8101686677,"2026-09-19 19:09:59"
256,BM10507,"Customer Purpose",gen9,2026-09-15,11:00:00,8101686677,"2026-09-19 19:09:59"
257,BM10507,"Customer Purpose",gen32,2026-09-15,11:13:21,8101686677,"2026-09-19 19:09:59"
258,BM10507,"Customer Purpose",gen37,2026-09-15,11:45:17,8101686677,"2026-09-19 19:09:59"
259,BM10507,"Customer Purpose",gen2,2026-09-15,12:27:27,8101686677,"2026-09-19 19:09:59"
260,BM10507,"Customer Purpose",gen32,2026-09-15,13:46:47,8101686677,"2026-09-19 19:09:59"
261,BM10507,"Customer Purpose",gen,2026-09-15,14:39:08,8101686677,"2026-09-19 19:09:59"
262,BM10507,"Customer Purpose",gen21,2026-09-15,16:36:03,8101686677,"2026-09-19 19:09:59"
263,BM10507,"Final Vault Closing",gen9,2026-09-15,17:39:22,8101686677,"2026-09-19 19:09:59"
264,BM10507,"Customer Purpose",gen18,2026-09-16,13:23:20,8101686677,"2026-09-19 19:09:59"
265,BM10507,"Customer Purpose",gen17,2026-09-16,14:50:18,8101686677,"2026-09-19 19:09:59"
266,BM10507,"Customer Purpose",gen32,2026-09-16,16:47:36,8101686677,"2026-09-19 19:09:59"
267,BM10507,"Customer Purpose",gen6,2026-09-16,17:08:08,8101686677,"2026-09-19 19:09:59"
268,BM10507,"Final Vault Closing",gen17,2026-09-16,18:02:22,8101686677,"2026-09-19 19:09:59"
269,BM10507,"Customer Purpose",gen9,2026-09-17,10:37:06,8101686677,"2026-09-19 19:09:59"
270,BM10507,"Customer Purpose",gen14,2026-09-17,11:11:39,8101686677,"2026-09-19 19:09:59"
271,BM10507,"Customer Purpose",gen29,2026-09-17,11:50:06,8101686677,"2026-09-19 19:09:59"
272,BM10507,"Customer Purpose",gen6,2026-09-17,12:15:32,8101686677,"2026-09-19 19:09:59"
273,BM10507,"Customer Purpose",gen14,2026-09-17,12:39:32,8101686677,"2026-09-19 19:09:59"
274,BM10507,"Customer Purpose",gen28,2026-09-17,13:22:21,7699088179,"2026-09-19 19:09:59"
275,BM10507,"Customer Purpose",gen4,2026-09-17,13:57:40,8101686677,"2026-09-19 19:09:59"
276,BM10507,"Customer Purpose",gen34,2026-09-17,15:12:56,8101686677,"2026-09-19 19:09:59"
277,BM10507,"Customer Purpose",gen17,2026-09-17,15:50:15,8101686677,"2026-09-19 19:09:59"
278,BM10507,"Final Vault Closing",gen19,2026-09-17,17:45:38,8101686677,"2026-09-19 19:09:59"
279,BM10507,"Customer Purpose",gen10,2026-09-18,10:42:01,8101686677,"2026-09-19 19:09:59"
280,BM10507,"Customer Purpose",gen5,2026-09-18,11:03:47,8101686677,"2026-09-19 19:09:59"
281,BM10507,"Customer Purpose",gen25,2026-09-18,13:11:47,8101686677,"2026-09-19 19:09:59"
282,BM10507,"Customer Purpose",gen1,2026-09-18,15:04:31,8101686677,"2026-09-19 19:09:59"
283,BM10507,"Customer Purpose",gen9,2026-09-18,15:53:24,8101686677,"2026-09-19 19:09:59"
284,BM10507,"Final Vault Closing",gen28,2026-09-18,17:55:13,7699088179,"2026-09-19 19:09:59"
285,BM10507,"Audit Purpose",gen42,2026-09-19,10:55:23,8101686677,"2026-09-19 19:09:59"
286,BM10507,"Customer Purpose",gen7,2026-09-19,11:49:10,8101686677,"2026-09-19 19:09:59"
287,BM10507,"Audit Purpose",gen24,2026-09-19,12:44:53,8101686677,"2026-09-19 19:09:59"
288,BM10507,"Audit Purpose",gen37,2026-09-19,13:52:58,8101686677,"2026-09-19 19:09:59"
289,BM10507,"Customer Purpose",gen32,2026-09-19,14:32:09,8101686677,"2026-09-19 19:09:59"
290,BM10507,"Audit Purpose",gen33,2026-09-19,14:57:15,8101686677,"2026-09-19 19:09:59"
291,BM10507,"Packet Counting",gen25,2026-09-19,16:17:14,8101686677,"2026-09-19 19:09:59"
292,BM10509,"Customer Purpose",gen4,2026-09-01,11:00:07,9484440278,"2026-09-19 19:09:59"
293,BM10509,"Customer Purpose",gen6,2026-09-01,11:24:44,9484440278,"2026-09-19 19:09:59"
294,BM10509,"Customer Purpose",iifl6,2026-09-01,17:01:52,9484440278,"2026-09-19 19:09:59"
295,BM10509,"Final Vault Closing",gen18,2026-09-01,18:26:06,9484440278,"2026-09-19 19:09:59"
296,BM10509,"Customer Purpose",gen28,2026-09-02,10:54:17,9484440278,"2026-09-19 19:09:59"
297,BM10509,"Customer Purpose",gen21,2026-09-02,13:25:31,9484440278,"2026-09-19 19:09:59"
298,BM10509,"Customer Purpose",gen26,2026-09-02,14:13:16,9484440278,"2026-09-19 19:09:59"
299,BM10509,"Final Vault Closing",gen28,2026-09-02,18:21:17,9484440278,"2026-09-19 19:09:59"
300,BM10509,"Customer Purpose",gen8,2026-09-07,12:55:43,9484440278,"2026-09-19 19:09:59"
301,BM10509,"Customer Purpose",iifl6,2026-09-07,16:03:30,9484440278,"2026-09-19 19:09:59"
302,BM10509,"Final Vault Closing",gen,2026-09-07,18:30:22,9484440278,"2026-09-19 19:09:59"
303,BM10509,"Customer Purpose",gen22,2026-09-08,11:49:13,9328083132,"2026-09-19 19:09:59"
304,BM10509,"Customer Purpose",gen14,2026-09-08,13:13:30,9484440278,"2026-09-19 19:09:59"
305,BM10509,"Customer Purpose",gen12,2026-09-08,14:53:20,9484440278,"2026-09-19 19:09:59"
306,BM10509,"Customer Purpose",gen26,2026-09-08,17:07:35,9484440278,"2026-09-19 19:09:59"
307,BM10509,"Final Vault Closing",gen27,2026-09-08,18:35:02,9484440278,"2026-09-19 19:09:59"
308,BM10509,"Customer Purpose",gen7,2026-09-09,13:31:46,9328083132,"2026-09-19 19:09:59"
309,BM10509,"Customer Purpose",gen22,2026-09-09,16:17:01,9484440278,"2026-09-19 19:09:59"
310,BM10509,"Final Vault Closing",gen28,2026-09-09,18:16:16,9484440278,"2026-09-19 19:09:59"
311,BM10509,"Customer Purpose",gen24,2026-09-10,12:23:49,9484440278,"2026-09-19 19:09:59"
312,BM10509,"Customer Purpose",gen37,2026-09-10,14:19:01,9484440278,"2026-09-19 19:09:59"
313,BM10509,"Final Vault Closing",gen19,2026-09-10,18:16:56,9484440278,"2026-09-19 19:09:59"
314,BM10509,"Audit Purpose",gen9,2026-09-11,11:18:05,9484440278,"2026-09-19 19:09:59"
315,BM10509,"Customer Purpose",gen15,2026-09-11,12:55:58,9484440278,"2026-09-19 19:09:59"
316,BM10509,"Customer Purpose",gen37,2026-09-11,14:35:03,9484440278,"2026-09-19 19:09:59"
317,BM10509,"Audit Purpose",gen6,2026-09-11,15:59:17,9484440278,"2026-09-19 19:09:59"
318,BM10509,"Audit Purpose",gen7,2026-09-11,17:06:02,9106959193,"2026-09-19 19:09:59"
319,BM10509,"Final Vault Closing",gen16,2026-09-11,18:03:15,9484440278,"2026-09-19 19:09:59"
320,BM10509,"Audit Purpose",gen16,2026-09-12,11:34:40,9484440278,"2026-09-19 19:09:59"
321,BM10509,"Customer Purpose",gen26,2026-09-12,11:57:02,9484440278,"2026-09-19 19:09:59"
322,BM10509,"Customer Purpose",gen7,2026-09-12,14:12:06,9484440278,"2026-09-19 19:09:59"
323,BM10509,"Customer Purpose",gen6,2026-09-12,14:33:19,9484440278,"2026-09-19 19:09:59"
324,BM10509,"Final Vault Closing",gen34,2026-09-12,18:31:22,9484440278,"2026-09-19 19:09:59"
325,BM10509,"Customer Purpose",gen22,2026-09-15,11:01:35,9484440278,"2026-09-19 19:09:59"
326,BM10509,"Customer Purpose",gen17,2026-09-15,13:58:53,9484440278,"2026-09-19 19:09:59"
327,BM10509,"Packet Counting",gen6,2026-09-15,14:40:19,9484440278,"2026-09-19 19:09:59"
328,BM10509,"Customer Purpose",gen38,2026-09-15,17:21:34,9328083132,"2026-09-19 19:09:59"
329,BM10509,"Final Vault Closing",gen38,2026-09-15,18:35:23,9328083132,"2026-09-19 19:09:59"
330,BM10509,"Customer Purpose",gen26,2026-09-16,10:36:23,9328083132,"2026-09-19 19:09:59"
331,BM10509,"Customer Purpose",gen26,2026-09-16,12:52:04,9328083132,"2026-09-19 19:09:59"
332,BM10509,"Customer Purpose",gen9,2026-09-16,15:00:56,9328083132,"2026-09-19 19:09:59"
333,BM10509,"Customer Purpose",gen14,2026-09-16,16:25:41,9328083132,"2026-09-19 19:09:59"
334,BM10509,"Customer Purpose",gen26,2026-09-16,16:34:39,9328083132,"2026-09-19 19:09:59"
335,BM10509,"Final Vault Closing",gen,2026-09-16,17:43:11,9106959193,"2026-09-19 19:09:59"
336,BM10509,"Customer Purpose",gen22,2026-09-17,12:04:41,9328083132,"2026-09-19 19:09:59"
337,BM10509,"Customer Purpose",gen34,2026-09-17,15:37:13,9328083132,"2026-09-19 19:09:59"
338,BM10509,"Final Vault Closing",gen27,2026-09-17,17:39:48,9328083132,"2026-09-19 19:09:59"
339,BM10509,"Customer Purpose",gen5,2026-09-18,10:54:54,9484440278,"2026-09-19 19:09:59"
340,BM10509,"Customer Purpose",gen17,2026-09-18,13:09:41,9484440278,"2026-09-19 19:09:59"
341,BM10509,"Customer Purpose",gen1,2026-09-18,15:48:53,9484440278,"2026-09-19 19:09:59"
342,BM10509,"Final Vault Closing",gen33,2026-09-18,18:13:33,9484440278,"2026-09-19 19:09:59"
343,BM10509,"Customer Purpose",gen34,2026-09-19,11:21:43,9484440278,"2026-09-19 19:09:59"
344,BM10509,"Customer Purpose",gen11,2026-09-19,12:46:35,9484440278,"2026-09-19 19:09:59"
345,BM10509,"Customer Purpose",gen7,2026-09-19,14:50:22,9484440278,"2026-09-19 19:09:59"
346,BM10509,"Customer Purpose",gen3,2026-09-19,15:39:16,9484440278,"2026-09-19 19:09:59"
347,BM10510,"Customer Purpose",gen6,2026-09-01,12:15:36,8962385148,"2026-09-19 19:09:59"
348,BM10510,"Customer Purpose",gen6,2026-09-01,14:13:14,9131870653,"2026-09-19 19:09:59"
349,BM10510,"Customer Purpose",gen,2026-09-01,15:38:29,8962385148,"2026-09-19 19:09:59"
350,BM10510,"Customer Purpose",gen30,2026-09-01,17:16:26,8962385148,"2026-09-19 19:09:59"
351,BM10510,"Final Vault Closing",gen38,2026-09-01,18:01:09,8962385148,"2026-09-19 19:09:59"
352,BM10510,"Final Vault Closing",gen13,2026-09-01,18:37:17,NULL,"2026-09-19 19:09:59"
353,BM10510,"Customer Purpose",gen28,2026-09-02,11:32:49,8962385148,"2026-09-19 19:09:59"
354,BM10510,"Customer Purpose",gen28,2026-09-02,13:29:11,8962385148,"2026-09-19 19:09:59"
355,BM10510,"Customer Purpose",gen,2026-09-02,15:24:25,8962385148,"2026-09-19 19:09:59"
356,BM10510,"Customer Purpose",gen,2026-09-02,15:36:44,8962385148,"2026-09-19 19:09:59"
357,BM10510,"Final Vault Closing",gen32,2026-09-02,18:43:28,8962385148,"2026-09-19 19:09:59"
358,BM10510,"Customer Purpose",gen25,2026-09-03,14:18:09,8962385148,"2026-09-19 19:09:59"
359,BM10510,"Customer Purpose",gen20,2026-09-03,15:04:37,8962385148,"2026-09-19 19:09:59"
360,BM10510,"Customer Purpose",gen25,2026-09-03,16:37:50,8962385148,"2026-09-19 19:09:59"
361,BM10510,"Customer Purpose",iifl6,2026-09-03,17:00:27,8962385148,"2026-09-19 19:09:59"
362,BM10510,"Customer Purpose",gen18,2026-09-03,17:29:59,8962385148,"2026-09-19 19:09:59"
363,BM10510,"Final Vault Closing",gen21,2026-09-03,18:51:56,8962385148,"2026-09-19 19:09:59"
364,BM10510,"Customer Purpose",gen26,2026-09-05,11:04:44,8962385148,"2026-09-19 19:09:59"
365,BM10510,"Customer Purpose",gen29,2026-09-05,15:18:22,8962385148,"2026-09-19 19:09:59"
366,BM10510,"Final Vault Closing",gen25,2026-09-05,18:38:22,NULL,"2026-09-19 19:09:59"
367,BM10510,"Audit Purpose",gen7,2026-09-07,12:18:40,8962385148,"2026-09-19 19:09:59"
368,BM10510,"Audit Purpose",gen14,2026-09-07,13:12:41,8962385148,"2026-09-19 19:09:59"
369,BM10510,"Audit Purpose",gen7,2026-09-07,14:06:18,8962385148,"2026-09-19 19:09:59"
370,BM10510,"Audit Purpose",gen25,2026-09-07,15:41:18,8962385148,"2026-09-19 19:09:59"
371,BM10510,"Audit Purpose",gen14,2026-09-07,16:39:53,8962385148,"2026-09-19 19:09:59"
372,BM10510,"Audit Purpose",gen21,2026-09-07,17:30:56,9131870653,"2026-09-19 19:09:59"
373,BM10510,"Audit Purpose",iifl6,2026-09-07,18:38:33,8962385148,"2026-09-19 19:09:59"
374,BM10510,"Audit Purpose",gen32,2026-09-08,11:00:52,8962385148,"2026-09-19 19:09:59"
375,BM10510,"Audit Purpose",gen7,2026-09-08,11:48:32,8962385148,"2026-09-19 19:09:59"
376,BM10510,"Audit Purpose",gen25,2026-09-08,12:23:01,8962385148,"2026-09-19 19:09:59"
377,BM10510,"Audit Purpose",gen6,2026-09-08,13:30:15,8962385148,"2026-09-19 19:09:59"
378,BM10510,"Audit Purpose",gen29,2026-09-08,15:09:30,8962385148,"2026-09-19 19:09:59"
379,BM10510,"Audit Purpose",gen14,2026-09-08,16:26:00,8962385148,"2026-09-19 19:09:59"
380,BM10510,"Audit Purpose",gen8,2026-09-08,17:13:39,8962385148,"2026-09-19 19:09:59"
381,BM10510,"Final Vault Closing",gen25,2026-09-08,19:01:08,9131870653,"2026-09-19 19:09:59"
382,BM10510,"Audit Purpose",gen20,2026-09-09,11:06:34,8962385148,"2026-09-19 19:09:59"
383,BM10510,"Audit Purpose",gen32,2026-09-09,12:22:10,8962385148,"2026-09-19 19:09:59"
384,BM10510,"Audit Purpose",gen24,2026-09-09,13:53:40,8962385148,"2026-09-19 19:09:59"
385,BM10510,"Audit Purpose",gen23,2026-09-09,15:08:57,8962385148,"2026-09-19 19:09:59"
386,BM10510,"Audit Purpose",gen34,2026-09-09,16:33:14,NULL,"2026-09-19 19:09:59"
387,BM10510,"Audit Purpose",iifl6,2026-09-09,16:40:05,8962385148,"2026-09-19 19:09:59"
388,BM10510,"Audit Purpose",gen27,2026-09-09,18:18:05,8962385148,"2026-09-19 19:09:59"
389,BM10510,"Final Vault Closing",iifl2,2026-09-09,19:00:41,6260921165,"2026-09-19 19:09:59"
390,BM10510,"Audit Purpose",gen21,2026-09-10,11:05:45,8962385148,"2026-09-19 19:09:59"
391,BM10510,"Audit Purpose",gen16,2026-09-10,12:56:17,8962385148,"2026-09-19 19:09:59"
392,BM10510,"Audit Purpose",gen21,2026-09-10,14:10:12,8962385148,"2026-09-19 19:09:59"
393,BM10510,"Audit Purpose",gen27,2026-09-10,15:18:36,8962385148,"2026-09-19 19:09:59"
394,BM10510,"Audit Purpose",gen8,2026-09-10,16:25:42,8962385148,"2026-09-19 19:09:59"
395,BM10510,"Audit Purpose",gen1,2026-09-10,17:23:12,9131870653,"2026-09-19 19:09:59"
396,BM10510,"Audit Purpose",gen29,2026-09-10,18:35:33,9131870653,"2026-09-19 19:09:59"
397,BM10510,"Audit Purpose",gen11,2026-09-11,13:20:15,8962385148,"2026-09-19 19:09:59"
398,BM10510,"Audit Purpose",gen37,2026-09-11,14:56:00,8962385148,"2026-09-19 19:09:59"
399,BM10510,"Audit Purpose",gen28,2026-09-11,16:20:41,8962385148,"2026-09-19 19:09:59"
400,BM10510,"Audit Purpose",gen28,2026-09-11,17:20:24,9131870653,"2026-09-19 19:09:59"
401,BM10510,"Final Vault Closing",gen24,2026-09-11,18:49:43,8962385148,"2026-09-19 19:09:59"
402,BM10510,"Audit Purpose",gen24,2026-09-12,10:37:04,8962385148,"2026-09-19 19:09:59"
403,BM10510,"Audit Purpose",gen23,2026-09-12,11:43:23,8962385148,"2026-09-19 19:09:59"
404,BM10510,"Audit Purpose",gen16,2026-09-12,12:31:16,9131870653,"2026-09-19 19:09:59"
405,BM10510,"Audit Purpose",gen21,2026-09-12,13:29:54,9131870653,"2026-09-19 19:09:59"
406,BM10510,"Audit Purpose",gen22,2026-09-12,14:30:32,8962385148,"2026-09-19 19:09:59"
407,BM10510,"Customer Purpose",gen37,2026-09-12,17:00:49,8962385148,"2026-09-19 19:09:59"
408,BM10510,"Customer Purpose",iifl6,2026-09-12,18:41:53,8962385148,"2026-09-19 19:09:59"
409,BM10510,"Customer Purpose",gen3,2026-09-15,11:54:43,9131870653,"2026-09-19 19:09:59"
410,BM10510,"Other Purpose",gen28,2026-09-15,12:31:07,8962385148,"2026-09-19 19:09:59"
411,BM10510,"Other Purpose",gen19,2026-09-15,13:45:24,8962385148,"2026-09-19 19:09:59"
412,BM10510,"Customer Purpose",gen33,2026-09-15,14:24:21,8962385148,"2026-09-19 19:09:59"
413,BM10510,"Customer Purpose",gen18,2026-09-15,16:28:23,8962385148,"2026-09-19 19:09:59"
414,BM10510,"Final Vault Closing",iifl6,2026-09-15,18:46:34,8962385148,"2026-09-19 19:09:59"
415,BM10510,"Customer Purpose",gen14,2026-09-16,10:39:20,8962385148,"2026-09-19 19:09:59"
416,BM10510,"Customer Purpose",gen22,2026-09-16,11:23:40,8962385148,"2026-09-19 19:09:59"
417,BM10510,"Other Purpose",gen22,2026-09-16,11:40:01,6260921165,"2026-09-19 19:09:59"
418,BM10510,"Other Purpose",gen24,2026-09-16,13:00:18,9131870653,"2026-09-19 19:09:59"
419,BM10510,"Other Purpose",gen6,2026-09-16,13:52:28,NULL,"2026-09-19 19:09:59"
420,BM10510,"Other Purpose",gen6,2026-09-16,13:52:57,NULL,"2026-09-19 19:09:59"
421,BM10510,"Customer Purpose",gen39,2026-09-16,14:24:42,9131870653,"2026-09-19 19:09:59"
422,BM10510,"Other Purpose",gen6,2026-09-16,15:10:58,8962385148,"2026-09-19 19:09:59"
423,BM10510,"Other Purpose",gen6,2026-09-16,15:17:27,NULL,"2026-09-19 19:09:59"
424,BM10510,"Customer Purpose",gen2,2026-09-16,16:58:16,9131870653,"2026-09-19 19:09:59"
425,BM10510,"Customer Purpose",gen24,2026-09-16,17:23:41,8962385148,"2026-09-19 19:09:59"
426,BM10510,"Other Purpose",gen25,2026-09-16,17:30:58,8962385148,"2026-09-19 19:09:59"
427,BM10510,"Final Vault Closing",gen24,2026-09-16,18:17:27,8962385148,"2026-09-19 19:09:59"
428,BM10510,"Customer Purpose",gen17,2026-09-17,10:42:58,9131870653,"2026-09-19 19:09:59"
429,BM10510,"Customer Purpose",gen,2026-09-17,11:27:53,8962385148,"2026-09-19 19:09:59"
430,BM10510,"Other Purpose",gen29,2026-09-17,12:06:23,9131870653,"2026-09-19 19:09:59"
431,BM10510,"Customer Purpose",gen42,2026-09-17,12:38:02,9131870653,"2026-09-19 19:09:59"
432,BM10510,"Customer Purpose",gen30,2026-09-17,13:09:08,9131870653,"2026-09-19 19:09:59"
433,BM10510,"Other Purpose",gen4,2026-09-17,13:33:12,9131870653,"2026-09-19 19:09:59"
434,BM10510,"Customer Purpose",gen6,2026-09-17,14:33:44,8962385148,"2026-09-19 19:09:59"
435,BM10510,"Customer Purpose",gen1,2026-09-17,15:28:22,9131870653,"2026-09-19 19:09:59"
436,BM10510,"Customer Purpose",gen,2026-09-17,16:18:41,9131870653,"2026-09-19 19:09:59"
437,BM10510,"Customer Purpose",gen6,2026-09-17,16:54:26,8962385148,"2026-09-19 19:09:59"
438,BM10510,"Final Vault Closing",gen24,2026-09-17,18:31:06,8962385148,"2026-09-19 19:09:59"
439,BM10510,"Customer Purpose",gen3,2026-09-18,10:46:20,8962385148,"2026-09-19 19:09:59"
440,BM10510,"Customer Purpose",gen43,2026-09-18,10:58:13,8962385148,"2026-09-19 19:09:59"
441,BM10510,"Customer Purpose",gen16,2026-09-18,12:36:21,8962385148,"2026-09-19 19:09:59"
442,BM10510,"Customer Purpose",gen30,2026-09-18,15:18:22,8962385148,"2026-09-19 19:09:59"
443,BM10510,"Customer Purpose",gen33,2026-09-18,16:39:28,8962385148,"2026-09-19 19:09:59"
444,BM10510,"Customer Purpose",gen28,2026-09-18,16:57:44,8962385148,"2026-09-19 19:09:59"
445,BM10510,"Customer Purpose",gen30,2026-09-19,12:40:13,8962385148,"2026-09-19 19:09:59"
446,BM10510,"Customer Purpose",gen22,2026-09-19,13:05:22,8962385148,"2026-09-19 19:09:59"
447,BM10510,"Customer Purpose",gen22,2026-09-19,16:39:12,8962385148,"2026-09-19 19:09:59"
448,BM10523,"Final Vault Closing",gen33,2026-09-01,18:15:09,7877868598,"2026-09-19 19:09:59"
449,BM10523,"Audit Purpose",gen6,2026-09-03,11:53:55,7742091244,"2026-09-19 19:09:59"
450,BM10523,"Audit Purpose",gen10,2026-09-03,12:55:41,7742091244,"2026-09-19 19:09:59"
451,BM10523,"Audit Purpose",gen33,2026-09-03,13:42:59,7877868598,"2026-09-19 19:09:59"
452,BM10523,"Customer Purpose",gen11,2026-09-03,15:04:49,7877868598,"2026-09-19 19:09:59"
453,BM10523,"Final Vault Closing",gen22,2026-09-03,18:36:10,7877868598,"2026-09-19 19:09:59"
454,BM10523,"Customer Purpose",gen16,2026-09-05,11:09:31,7877868598,"2026-09-19 19:09:59"
455,BM10523,"Final Vault Closing",gen22,2026-09-05,17:39:56,9462175575,"2026-09-19 19:09:59"
456,BM10523,"Final Vault Closing",gen32,2026-09-07,18:10:55,9462175575,"2026-09-19 19:09:59"
457,BM10523,"Final Vault Closing",gen23,2026-09-08,18:26:25,9462175575,"2026-09-19 19:09:59"
458,BM10523,"Customer Purpose",gen18,2026-09-09,11:26:44,9462175575,"2026-09-19 19:09:59"
459,BM10523,"Customer Purpose",gen26,2026-09-09,14:42:12,9462175575,"2026-09-19 19:09:59"
460,BM10523,"Final Vault Closing",gen3,2026-09-09,18:08:47,9462175575,"2026-09-19 19:09:59"
461,BM10523,"Customer Purpose",gen19,2026-09-10,11:57:15,9462175575,"2026-09-19 19:09:59"
462,BM10523,"Customer Purpose",gen35,2026-09-10,14:37:48,7742091244,"2026-09-19 19:09:59"
463,BM10523,"Customer Purpose",gen3,2026-09-10,16:15:01,7877868598,"2026-09-19 19:09:59"
464,BM10523,"Final Vault Closing",gen11,2026-09-10,17:44:33,9462175575,"2026-09-19 19:09:59"
465,BM10523,"Packet Counting",gen6,2026-09-12,14:26:08,7742091244,"2026-09-19 19:09:59"
466,BM10523,"Customer Purpose",gen37,2026-09-12,17:09:20,7877868598,"2026-09-19 19:09:59"
467,BM10523,"Final Vault Closing",gen10,2026-09-12,18:12:40,7877868598,"2026-09-19 19:09:59"
468,BM10523,"Customer Purpose",gen41,2026-09-15,11:15:47,7742091244,"2026-09-19 19:09:59"
469,BM10523,"Customer Purpose",gen35,2026-09-15,15:27:04,7742091244,"2026-09-19 19:09:59"
470,BM10523,"Customer Purpose",gen21,2026-09-15,17:28:01,7742091244,"2026-09-19 19:09:59"
471,BM10523,"Customer Purpose",gen20,2026-09-15,18:03:41,9462175575,"2026-09-19 19:09:59"
472,BM10523,"Customer Purpose",gen24,2026-09-15,18:33:35,7877868598,"2026-09-19 19:09:59"
473,BM10523,"Customer Purpose",gen40,2026-09-15,18:44:20,7742091244,"2026-09-19 19:09:59"
474,BM10523,"Customer Purpose",gen21,2026-09-15,18:59:08,7877868598,"2026-09-19 19:09:59"
475,BM10523,"Final Vault Closing",iifl4,2026-09-15,19:23:40,7742091244,"2026-09-19 19:09:59"
476,BM10523,"Customer Purpose",gen24,2026-09-16,13:40:42,7877868598,"2026-09-19 19:09:59"
477,BM10523,"Customer Purpose",gen17,2026-09-16,16:25:54,7877868598,"2026-09-19 19:09:59"
478,BM10523,"Final Vault Closing",gen30,2026-09-16,18:26:47,7877868598,"2026-09-19 19:09:59"
479,BM10523,"Customer Purpose",gen17,2026-09-17,11:54:38,9462175575,"2026-09-19 19:09:59"
480,BM10523,"Final Vault Closing",gen37,2026-09-17,18:02:59,7742091244,"2026-09-19 19:09:59"
481,BM10523,"Customer Purpose",gen5,2026-09-18,11:06:35,7742091244,"2026-09-19 19:09:59"
482,BM10523,"Customer Purpose",gen26,2026-09-18,11:57:42,7742091244,"2026-09-19 19:09:59"
483,BM10523,"Customer Purpose",gen6,2026-09-18,15:52:12,7742091244,"2026-09-19 19:09:59"
484,BM10523,"Final Vault Closing",gen39,2026-09-18,18:10:22,7742091244,"2026-09-19 19:09:59"
485,BM10536,"Customer Purpose",gen21,2026-09-01,10:31:22,9937422019,"2026-09-19 19:09:59"
486,BM10536,"Customer Purpose",gen36,2026-09-01,16:07:21,8984919495,"2026-09-19 19:09:59"
487,BM10536,"Customer Purpose",gen21,2026-09-01,16:59:46,8984919495,"2026-09-19 19:09:59"
488,BM10536,"Final Vault Closing",gen3,2026-09-01,17:42:24,9937422019,"2026-09-19 19:09:59"
489,BM10536,"Customer Purpose",gen36,2026-09-02,10:19:00,8984919495,"2026-09-19 19:09:59"
490,BM10536,"Customer Purpose",gen39,2026-09-02,15:06:09,9776313604,"2026-09-19 19:09:59"
491,BM10536,"Customer Purpose",gen27,2026-09-02,15:50:18,8984919495,"2026-09-19 19:09:59"
492,BM10536,"Final Vault Closing",gen15,2026-09-02,17:38:35,9776313604,"2026-09-19 19:09:59"
493,BM10536,"Customer Purpose",gen32,2026-09-03,11:35:32,8984919495,"2026-09-19 19:09:59"
494,BM10536,"Customer Purpose",gen14,2026-09-03,12:00:30,9776313604,"2026-09-19 19:09:59"
495,BM10536,"Customer Purpose",gen27,2026-09-03,13:14:54,8984919495,"2026-09-19 19:09:59"
496,BM10536,"Customer Purpose",gen18,2026-09-03,14:16:55,8984919495,"2026-09-19 19:09:59"
497,BM10536,"Customer Purpose",gen11,2026-09-03,15:28:56,8984919495,"2026-09-19 19:09:59"
498,BM10536,"Customer Purpose",gen1,2026-09-03,16:29:56,8984919495,"2026-09-19 19:09:59"
499,BM10536,"Final Vault Closing",gen32,2026-09-03,17:53:51,9776313604,"2026-09-19 19:09:59"
500,BM10536,"Customer Purpose",gen7,2026-09-04,10:18:58,8984919495,"2026-09-19 19:09:59"
501,BM10536,"Customer Purpose",gen28,2026-09-04,17:51:59,8984919495,"2026-09-19 19:09:59"
502,BM10536,"Final Vault Closing",gen18,2026-09-04,18:19:46,8984919495,"2026-09-19 19:09:59"
503,BM10536,"Customer Purpose",gen4,2026-09-05,10:15:45,9776313604,"2026-09-19 19:09:59"
504,BM10536,"Customer Purpose",gen20,2026-09-05,11:19:31,8984919495,"2026-09-19 19:09:59"
505,BM10536,"Customer Purpose",gen29,2026-09-05,12:19:31,8984919495,"2026-09-19 19:09:59"
506,BM10536,"Final Vault Closing",gen21,2026-09-05,17:27:14,9937422019,"2026-09-19 19:09:59"
507,BM10536,"Customer Purpose",gen4,2026-09-07,10:23:42,8984919495,"2026-09-19 19:09:59"
508,BM10536,"Customer Purpose",gen17,2026-09-07,12:28:38,8984919495,"2026-09-19 19:09:59"
509,BM10536,"Customer Purpose",gen26,2026-09-07,13:30:53,9937422019,"2026-09-19 19:09:59"
510,BM10536,"Customer Purpose",gen25,2026-09-07,14:49:32,9776313604,"2026-09-19 19:09:59"
511,BM10536,"Customer Purpose",gen18,2026-09-07,15:48:52,9776313604,"2026-09-19 19:09:59"
512,BM10536,"Final Vault Closing",gen5,2026-09-07,18:19:49,9776313604,"2026-09-19 19:09:59"
513,BM10536,"Customer Purpose",gen10,2026-09-08,10:45:57,9776313604,"2026-09-19 19:09:59"
514,BM10536,"Customer Purpose",gen28,2026-09-08,16:39:41,9776313604,"2026-09-19 19:09:59"
515,BM10536,"Final Vault Closing",gen24,2026-09-08,17:49:59,8984919495,"2026-09-19 19:09:59"
516,BM10536,"Customer Purpose",gen17,2026-09-09,12:46:17,9937422019,"2026-09-19 19:09:59"
517,BM10536,"Final Vault Closing",gen12,2026-09-09,18:58:47,9937422019,"2026-09-19 19:09:59"
518,BM10536,"Customer Purpose",gen29,2026-09-10,11:32:50,9937422019,"2026-09-19 19:09:59"
519,BM10536,"Customer Purpose",gen2,2026-09-10,13:26:10,9937422019,"2026-09-19 19:09:59"
520,BM10536,"Customer Purpose",gen8,2026-09-10,15:02:11,9776313604,"2026-09-19 19:09:59"
521,BM10536,"Customer Purpose",gen16,2026-09-10,16:52:43,9937422019,"2026-09-19 19:09:59"
522,BM10536,"Final Vault Closing",gen21,2026-09-10,17:30:09,9776313604,"2026-09-19 19:09:59"
523,BM10536,"Customer Purpose",gen17,2026-09-11,10:20:11,8984919495,"2026-09-19 19:09:59"
524,BM10536,"Customer Purpose",gen32,2026-09-11,15:29:20,9937422019,"2026-09-19 19:09:59"
525,BM10536,"Final Vault Closing",gen25,2026-09-11,17:57:53,8984919495,"2026-09-19 19:09:59"
526,BM10536,"Packet Counting",gen8,2026-09-12,10:46:06,8984919495,"2026-09-19 19:09:59"
527,BM10536,"Customer Purpose",gen6,2026-09-12,11:45:34,8984919495,"2026-09-19 19:09:59"
528,BM10536,"Customer Purpose",gen17,2026-09-12,12:18:37,9776313604,"2026-09-19 19:09:59"
529,BM10536,"Packet Counting",gen27,2026-09-12,15:43:28,8984919495,"2026-09-19 19:09:59"
530,BM10536,"Final Vault Closing",gen18,2026-09-12,18:18:39,8984919495,"2026-09-19 19:09:59"
531,BM10536,"Customer Purpose",gen33,2026-09-14,10:50:05,9937422019,"2026-09-19 19:09:59"
532,BM10536,"Final Vault Closing",gen12,2026-09-14,18:52:02,9937422019,"2026-09-19 19:09:59"
533,BM10536,"Customer Purpose",gen30,2026-09-16,12:24:55,9937422019,"2026-09-19 19:09:59"
534,BM10536,"Customer Purpose",gen24,2026-09-17,12:12:43,8984919495,"2026-09-19 19:09:59"
535,BM10536,"Customer Purpose",gen29,2026-09-17,16:00:31,8984919495,"2026-09-19 19:09:59"
536,BM10536,"Customer Purpose",gen39,2026-09-17,16:55:21,8984919495,"2026-09-19 19:09:59"
537,BM10536,"Final Vault Closing",gen25,2026-09-17,17:44:52,8984919495,"2026-09-19 19:09:59"
538,BM10536,"Customer Purpose",gen,2026-09-18,10:06:08,8984919495,"2026-09-19 19:09:59"
539,BM10536,"Customer Purpose",gen40,2026-09-18,10:41:34,8984919495,"2026-09-19 19:09:59"
540,BM10536,"Final Vault Closing",gen15,2026-09-18,17:47:08,8984919495,"2026-09-19 19:09:59"
541,BM10536,"Customer Purpose",gen7,2026-09-19,10:29:53,8984919495,"2026-09-19 19:09:59"
542,BM10536,"Customer Purpose",gen37,2026-09-19,11:14:50,8984919495,"2026-09-19 19:09:59"
543,BM10536,"Customer Purpose",gen12,2026-09-19,11:30:58,8984919495,"2026-09-19 19:09:59"
544,BM10536,"Customer Purpose",gen22,2026-09-19,12:20:59,9776313604,"2026-09-19 19:09:59"
545,BM10536,"Customer Purpose",gen17,2026-09-19,13:10:53,8984919495,"2026-09-19 19:09:59"
546,BM10536,"Customer Purpose",gen8,2026-09-19,14:24:10,9776313604,"2026-09-19 19:09:59"
547,BM10536,"Customer Purpose",gen6,2026-09-19,15:14:29,8984919495,"2026-09-19 19:09:59"
548,BM10537,"Customer Purpose",gen35,2026-09-01,13:20:07,7389344038,"2026-09-19 19:09:59"
549,BM10537,"Customer Purpose",gen9,2026-09-01,17:42:53,9893534047,"2026-09-19 19:09:59"
550,BM10537,"Final Vault Closing",iifl6,2026-09-01,18:45:56,9893534047,"2026-09-19 19:09:59"
551,BM10537,"Audit Purpose",gen5,2026-09-02,10:52:25,7389344038,"2026-09-19 19:09:59"
552,BM10537,"Audit Purpose",gen27,2026-09-02,11:07:24,7389344038,"2026-09-19 19:09:59"
553,BM10537,"Audit Purpose",gen21,2026-09-02,11:55:00,9893534047,"2026-09-19 19:09:59"
554,BM10537,"Audit Purpose",gen20,2026-09-02,13:03:01,9893534047,"2026-09-19 19:09:59"
555,BM10537,"Audit Purpose",gen16,2026-09-02,14:10:43,9893534047,"2026-09-19 19:09:59"
556,BM10537,"Audit Purpose",gen20,2026-09-02,14:56:36,9893534047,"2026-09-19 19:09:59"
557,BM10537,"Audit Purpose",gen34,2026-09-02,16:23:24,7389344038,"2026-09-19 19:09:59"
558,BM10537,"Audit Purpose",gen30,2026-09-02,17:44:09,9893534047,"2026-09-19 19:09:59"
559,BM10537,"Audit Purpose",gen26,2026-09-03,10:55:11,9893534047,"2026-09-19 19:09:59"
560,BM10537,"Audit Purpose",gen32,2026-09-03,12:10:54,9893534047,"2026-09-19 19:09:59"
561,BM10537,"Audit Purpose",gen11,2026-09-03,14:02:54,9893534047,"2026-09-19 19:09:59"
562,BM10537,"Audit Purpose",gen29,2026-09-03,14:37:22,9893534047,"2026-09-19 19:09:59"
563,BM10537,"Audit Purpose",gen28,2026-09-03,15:54:53,9893534047,"2026-09-19 19:09:59"
564,BM10537,"Final Vault Closing",gen33,2026-09-03,18:25:42,7389344038,"2026-09-19 19:09:59"
565,BM10537,"Customer Purpose",gen25,2026-09-05,12:32:46,7389344038,"2026-09-19 19:09:59"
566,BM10537,"Customer Purpose",gen22,2026-09-05,14:05:33,7389344038,"2026-09-19 19:09:59"
567,BM10537,"Customer Purpose",gen5,2026-09-05,15:57:09,7389344038,"2026-09-19 19:09:59"
568,BM10537,"Customer Purpose",gen26,2026-09-05,17:28:58,7389344038,"2026-09-19 19:09:59"
569,BM10537,"Final Vault Closing",gen27,2026-09-05,18:08:58,7389344038,"2026-09-19 19:09:59"
570,BM10537,"Customer Purpose",gen21,2026-09-07,13:17:44,9893534047,"2026-09-19 19:09:59"
571,BM10537,"Final Vault Closing",iifl2,2026-09-07,18:59:00,7389344038,"2026-09-19 19:09:59"
572,BM10537,"Customer Purpose",gen3,2026-09-08,11:12:15,9893534047,"2026-09-19 19:09:59"
573,BM10537,"Customer Purpose",gen24,2026-09-08,13:01:36,9893534047,"2026-09-19 19:09:59"
574,BM10537,"Customer Purpose",gen14,2026-09-08,13:17:46,9893534047,"2026-09-19 19:09:59"
575,BM10537,"Customer Purpose",gen32,2026-09-08,14:48:48,9893534047,"2026-09-19 19:09:59"
576,BM10537,"Final Vault Closing",gen9,2026-09-08,18:23:55,9893534047,"2026-09-19 19:09:59"
577,BM10537,"Customer Purpose",gen2,2026-09-09,10:57:00,7000380833,"2026-09-19 19:09:59"
578,BM10537,"Customer Purpose",gen28,2026-09-09,13:48:58,9893534047,"2026-09-19 19:09:59"
579,BM10537,"Final Vault Closing",gen25,2026-09-09,18:46:13,7389344038,"2026-09-19 19:09:59"
580,BM10537,"Customer Purpose",gen35,2026-09-10,11:41:02,9893534047,"2026-09-19 19:09:59"
581,BM10537,"Customer Purpose",gen7,2026-09-10,13:00:42,7000380833,"2026-09-19 19:09:59"
582,BM10537,"Customer Purpose",gen1,2026-09-10,17:45:14,7389344038,"2026-09-19 19:09:59"
583,BM10537,"Final Vault Closing",gen32,2026-09-10,18:33:01,9893534047,"2026-09-19 19:09:59"
584,BM10537,"Customer Purpose",gen20,2026-09-11,11:23:27,9893534047,"2026-09-19 19:09:59"
585,BM10537,"Customer Purpose",gen7,2026-09-11,15:45:09,9893534047,"2026-09-19 19:09:59"
586,BM10537,"Customer Purpose",gen39,2026-09-11,16:41:48,7389344038,"2026-09-19 19:09:59"
587,BM10537,"Customer Purpose",gen24,2026-09-11,17:48:45,7389344038,"2026-09-19 19:09:59"
588,BM10537,"Final Vault Closing",gen11,2026-09-11,18:36:21,7389344038,"2026-09-19 19:09:59"
589,BM10537,"Packet Counting",gen18,2026-09-12,12:58:39,7389344038,"2026-09-19 19:09:59"
590,BM10537,"Final Vault Closing",gen10,2026-09-12,18:23:29,7389344038,"2026-09-19 19:09:59"
591,BM10537,"Customer Purpose",gen21,2026-09-15,11:12:29,7000380833,"2026-09-19 19:09:59"
592,BM10537,"Customer Purpose",gen20,2026-09-15,15:14:28,9893534047,"2026-09-19 19:09:59"
593,BM10537,"Final Vault Closing",gen32,2026-09-15,18:27:48,7389344038,"2026-09-19 19:09:59"
594,BM10537,"Audit Purpose",gen22,2026-09-16,11:34:44,9893534047,"2026-09-19 19:09:59"
595,BM10537,"Audit Purpose",gen23,2026-09-16,12:24:02,7389344038,"2026-09-19 19:09:59"
596,BM10537,"Audit Purpose",gen11,2026-09-16,13:18:39,9893534047,"2026-09-19 19:09:59"
597,BM10537,"Audit Purpose",gen1,2026-09-16,14:22:21,7389344038,"2026-09-19 19:09:59"
598,BM10537,"Audit Purpose",gen27,2026-09-16,16:08:13,7389344038,"2026-09-19 19:09:59"
599,BM10537,"Audit Purpose",gen38,2026-09-16,17:07:10,7389344038,"2026-09-19 19:09:59"
600,BM10537,"Audit Purpose",gen26,2026-09-16,17:43:42,7389344038,"2026-09-19 19:09:59"
601,BM10537,"Final Vault Closing",iifl6,2026-09-16,18:31:42,7389344038,"2026-09-19 19:09:59"
602,BM10537,"Customer Purpose",gen15,2026-09-17,14:02:17,9893534047,"2026-09-19 19:09:59"
603,BM10537,"Customer Purpose",gen1,2026-09-17,15:35:51,9893534047,"2026-09-19 19:09:59"
604,BM10537,"Final Vault Closing",gen26,2026-09-17,18:32:47,NULL,"2026-09-19 19:09:59"
605,BM10537,"Customer Purpose",gen23,2026-09-17,18:41:44,9893534047,"2026-09-19 19:09:59"
606,BM10537,"Customer Purpose",gen30,2026-09-18,11:46:53,9893534047,"2026-09-19 19:09:59"
607,BM10537,"Customer Purpose",gen30,2026-09-18,14:28:01,7000380833,"2026-09-19 19:09:59"
608,BM10537,"Final Vault Closing",gen5,2026-09-18,18:14:41,7389344038,"2026-09-19 19:09:59"
609,BM10537,"Customer Purpose",gen16,2026-09-19,11:19:34,9893534047,"2026-09-19 19:09:59"
610,BM10544,"Customer Purpose",gen7,2026-09-01,16:03:39,7321862281,"2026-09-19 19:09:59"
611,BM10544,"Customer Purpose",gen10,2026-09-02,14:26:47,7321862281,"2026-09-19 19:09:59"
612,BM10544,"Final Vault Closing",gen34,2026-09-02,18:43:19,7321862281,"2026-09-19 19:09:59"
613,BM10544,"Final Vault Closing",gen12,2026-09-03,19:00:39,7321862281,"2026-09-19 19:09:59"
614,BM10544,"Final Vault Closing",gen1,2026-09-04,18:42:24,7991143759,"2026-09-19 19:09:59"
615,BM10544,"Final Vault Closing",NULL,2026-09-05,20:03:10,7991143759,"2026-09-19 19:09:59"
616,BM10544,"Final Vault Closing",gen30,2026-09-07,18:28:38,7321862281,"2026-09-19 19:09:59"
617,BM10544,"Customer Purpose",gen5,2026-09-08,17:50:25,7321862281,"2026-09-19 19:09:59"
618,BM10544,"Final Vault Closing",gen18,2026-09-08,18:02:21,7321862281,"2026-09-19 19:09:59"
619,BM10544,"Final Vault Closing",iifl1,2026-09-09,18:58:05,7321862281,"2026-09-19 19:09:59"
620,BM10544,"Customer Purpose",gen22,2026-09-10,10:51:11,7991143759,"2026-09-19 19:09:59"
621,BM10544,"Customer Purpose",gen19,2026-09-10,16:25:38,7321862281,"2026-09-19 19:09:59"
622,BM10544,"Final Vault Closing",iifl7,2026-09-10,19:40:25,7321862281,"2026-09-19 19:09:59"
623,BM10544,"Customer Purpose",gen36,2026-09-11,15:06:27,7321862281,"2026-09-19 19:09:59"
624,BM10544,"Final Vault Closing",gen28,2026-09-11,18:45:05,7991143759,"2026-09-19 19:09:59"
625,BM10544,"Packet Counting",gen27,2026-09-12,17:02:03,7991143759,"2026-09-19 19:09:59"
626,BM10544,"Final Vault Closing",gen7,2026-09-12,18:23:43,7991143759,"2026-09-19 19:09:59"
627,BM10544,"Customer Purpose",iifl1,2026-09-13,14:13:08,7321862281,"2026-09-19 19:09:59"
628,BM10544,"Customer Purpose",iifl1,2026-09-13,15:17:04,7991143759,"2026-09-19 19:09:59"
629,BM10544,"Final Vault Closing",iifl2,2026-09-13,15:29:54,7321862281,"2026-09-19 19:09:59"
630,BM10544,"Final Vault Closing",gen38,2026-09-14,18:07:07,7321862281,"2026-09-19 19:09:59"
631,BM10544,"Customer Purpose",gen15,2026-09-15,12:15:38,7991143759,"2026-09-19 19:09:59"
632,BM10544,"Final Vault Closing",gen10,2026-09-15,18:33:12,7991143759,"2026-09-19 19:09:59"
633,BM10544,"Final Vault Closing",gen24,2026-09-16,18:39:59,7321862281,"2026-09-19 19:09:59"
634,BM10544,"Final Vault Closing",gen30,2026-09-17,18:14:49,7991143759,"2026-09-19 19:09:59"
635,BM10544,"Customer Purpose",gen34,2026-09-18,11:03:24,7991143759,"2026-09-19 19:09:59"
636,BM10544,"Final Vault Closing",gen24,2026-09-18,18:20:24,7991143759,"2026-09-19 19:09:59"
637,BM10548,"Customer Purpose",gen18,2026-09-02,15:56:43,9835090003,"2026-09-19 19:09:59"
638,BM10548,"Customer Purpose",gen27,2026-09-03,13:06:17,9835090003,"2026-09-19 19:09:59"
639,BM10548,"Customer Purpose",gen25,2026-09-03,18:14:32,9835090003,"2026-09-19 19:09:59"
640,BM10548,"Final Vault Closing",gen32,2026-09-03,18:43:58,9835090003,"2026-09-19 19:09:59"
641,BM10548,"Customer Purpose",gen18,2026-09-04,12:42:00,9835090003,"2026-09-19 19:09:59"
642,BM10548,"Customer Purpose",gen4,2026-09-04,18:20:32,9835090003,"2026-09-19 19:09:59"
643,BM10548,"Final Vault Closing",gen26,2026-09-05,18:34:46,9835090003,"2026-09-19 19:09:59"
644,BM10548,"Final Vault Closing",gen27,2026-09-07,18:47:03,9835090003,"2026-09-19 19:09:59"
645,BM10548,"Customer Purpose",gen26,2026-09-08,10:46:28,9835090003,"2026-09-19 19:09:59"
646,BM10548,"Final Vault Closing",gen33,2026-09-08,18:40:26,9835090003,"2026-09-19 19:09:59"
647,BM10548,"Customer Purpose",gen12,2026-09-09,11:26:58,9835090003,"2026-09-19 19:09:59"
648,BM10548,"Final Vault Closing",gen32,2026-09-09,18:30:02,9835090003,"2026-09-19 19:09:59"
649,BM10548,"Customer Purpose",gen14,2026-09-10,11:00:37,9835090003,"2026-09-19 19:09:59"
650,BM10548,"Customer Purpose",gen18,2026-09-10,16:07:45,9835090003,"2026-09-19 19:09:59"
651,BM10548,"Final Vault Closing",gen38,2026-09-10,18:39:45,9835090003,"2026-09-19 19:09:59"
652,BM10548,"Customer Purpose",gen,2026-09-11,18:30:44,NULL,"2026-09-19 19:09:59"
653,BM10548,"Customer Purpose",gen25,2026-09-12,15:14:47,9835090003,"2026-09-19 19:09:59"
654,BM10548,"Packet Counting",gen16,2026-09-12,17:20:11,6299700688,"2026-09-19 19:09:59"
655,BM10548,"Audit Purpose",gen12,2026-09-14,13:14:14,9835090003,"2026-09-19 19:09:59"
656,BM10548,"Audit Purpose",gen23,2026-09-14,15:19:02,9835090003,"2026-09-19 19:09:59"
657,BM10548,"Audit Purpose",gen20,2026-09-14,16:09:17,9835090003,"2026-09-19 19:09:59"
658,BM10548,"Final Vault Closing",gen30,2026-09-14,18:32:04,9835090003,"2026-09-19 19:09:59"
659,BM10548,"Customer Purpose",gen42,2026-09-16,16:00:31,6299700688,"2026-09-19 19:09:59"
660,BM10548,"Customer Purpose",gen15,2026-09-17,11:56:50,6299700688,"2026-09-19 19:09:59"
661,BM10548,"Customer Purpose",gen17,2026-09-17,15:06:56,9835090003,"2026-09-19 19:09:59"
662,BM10548,"Final Vault Closing",gen22,2026-09-17,18:50:40,6299700688,"2026-09-19 19:09:59"
663,BM10548,"Customer Purpose",gen9,2026-09-18,11:12:09,6299700688,"2026-09-19 19:09:59"
664,BM10548,"Final Vault Closing",gen39,2026-09-18,18:30:14,6299700688,"2026-09-19 19:09:59"
665,BM10548,"Customer Purpose",gen3,2026-09-19,14:02:04,6299700688,"2026-09-19 19:09:59"
666,BM10548,"Customer Purpose",gen8,2026-09-19,16:55:10,6299700688,"2026-09-19 19:09:59"
667,BM10549,"Customer Purpose",gen38,2026-09-01,12:30:57,NULL,"2026-09-19 19:09:59"
668,BM10549,"Customer Purpose",gen16,2026-09-01,14:53:04,7010338580,"2026-09-19 19:09:59"
669,BM10549,"Customer Purpose",gen29,2026-09-01,17:15:10,7010338580,"2026-09-19 19:09:59"
670,BM10549,"Customer Purpose",gen21,2026-09-01,17:45:30,7010338580,"2026-09-19 19:09:59"
671,BM10549,"Customer Purpose",gen32,2026-09-01,18:32:06,7010338580,"2026-09-19 19:09:59"
672,BM10549,"Final Vault Closing",gen8,2026-09-01,18:57:14,NULL,"2026-09-19 19:09:59"
673,BM10549,"Customer Purpose",gen28,2026-09-02,14:26:14,7010338580,"2026-09-19 19:09:59"
674,BM10549,"Customer Purpose",gen4,2026-09-02,15:53:58,7010338580,"2026-09-19 19:09:59"
675,BM10549,"Customer Purpose",gen27,2026-09-02,16:03:14,7010338580,"2026-09-19 19:09:59"
676,BM10549,"Customer Purpose",gen18,2026-09-02,17:53:23,7010338580,"2026-09-19 19:09:59"
677,BM10549,"Final Vault Closing",gen27,2026-09-02,18:19:36,7010338580,"2026-09-19 19:09:59"
678,BM10549,"Customer Purpose",gen1,2026-09-03,14:17:17,7010338580,"2026-09-19 19:09:59"
679,BM10549,"Other Purpose",gen9,2026-09-03,15:52:10,NULL,"2026-09-19 19:09:59"
680,BM10549,"Final Vault Closing",gen15,2026-09-03,17:54:40,7010338580,"2026-09-19 19:09:59"
681,BM10549,"Customer Purpose",gen10,2026-09-05,11:18:57,7010338580,"2026-09-19 19:09:59"
682,BM10549,"Customer Purpose",gen4,2026-09-05,12:27:31,7010338580,"2026-09-19 19:09:59"
683,BM10549,"Customer Purpose",gen5,2026-09-05,14:14:02,7010338580,"2026-09-19 19:09:59"
684,BM10549,"Final Vault Closing",gen30,2026-09-05,17:35:47,8056012714,"2026-09-19 19:09:59"
685,BM10549,"Customer Purpose",gen27,2026-09-07,10:49:57,7010338580,"2026-09-19 19:09:59"
686,BM10549,"Customer Purpose",gen21,2026-09-07,15:17:22,7010338580,"2026-09-19 19:09:59"
687,BM10549,"Final Vault Closing",gen33,2026-09-07,18:12:17,9551183536,"2026-09-19 19:09:59"
688,BM10549,"Audit Purpose",gen17,2026-09-08,10:19:03,7010338580,"2026-09-19 19:09:59"
689,BM10549,"Audit Purpose",gen18,2026-09-08,12:01:12,7010338580,"2026-09-19 19:09:59"
690,BM10549,"Audit Purpose",gen2,2026-09-08,13:20:59,7010338580,"2026-09-19 19:09:59"
691,BM10549,"Audit Purpose",gen,2026-09-08,14:18:00,7010338580,"2026-09-19 19:09:59"
692,BM10549,"Audit Purpose",gen34,2026-09-08,14:40:53,7010338580,"2026-09-19 19:09:59"
693,BM10549,"Customer Purpose",gen32,2026-09-08,16:26:05,7010338580,"2026-09-19 19:09:59"
694,BM10549,"Customer Purpose",gen24,2026-09-08,17:16:06,7010338580,"2026-09-19 19:09:59"
695,BM10549,"Final Vault Closing",gen24,2026-09-08,18:04:52,8056012714,"2026-09-19 19:09:59"
696,BM10549,"Customer Purpose",gen32,2026-09-09,14:39:47,7010338580,"2026-09-19 19:09:59"
697,BM10549,"Customer Purpose",gen12,2026-09-09,16:16:06,7010338580,"2026-09-19 19:09:59"
698,BM10549,"Customer Purpose",gen3,2026-09-09,17:33:02,7010338580,"2026-09-19 19:09:59"
699,BM10549,"Final Vault Closing",gen33,2026-09-09,19:00:13,9551183536,"2026-09-19 19:09:59"
700,BM10549,"Customer Purpose",gen11,2026-09-10,12:17:08,7010338580,"2026-09-19 19:09:59"
701,BM10549,"Customer Purpose",gen36,2026-09-10,14:05:01,8056012714,"2026-09-19 19:09:59"
702,BM10549,"Customer Purpose",gen5,2026-09-10,16:27:47,7010338580,"2026-09-19 19:09:59"
703,BM10549,"Customer Purpose",gen16,2026-09-10,18:03:10,8056012714,"2026-09-19 19:09:59"
704,BM10549,"Customer Purpose",gen34,2026-09-10,18:50:18,7010338580,"2026-09-19 19:09:59"
705,BM10549,"Customer Purpose",gen3,2026-09-10,19:01:42,7010338580,"2026-09-19 19:09:59"
706,BM10549,"Final Vault Closing",iifl2,2026-09-10,20:34:01,7010338580,"2026-09-19 19:09:59"
707,BM10549,"Customer Purpose",gen24,2026-09-11,12:21:47,8056012714,"2026-09-19 19:09:59"
708,BM10549,"Final Vault Closing",gen17,2026-09-11,18:04:40,8056012714,"2026-09-19 19:09:59"
709,BM10549,"Packet Counting",gen6,2026-09-12,11:33:01,7010338580,"2026-09-19 19:09:59"
710,BM10549,"Packet Counting",gen26,2026-09-12,12:28:33,7010338580,"2026-09-19 19:09:59"
711,BM10549,"Customer Purpose",gen39,2026-09-12,13:09:13,7010338580,"2026-09-19 19:09:59"
712,BM10549,"Final Vault Closing",gen12,2026-09-12,17:39:27,7010338580,"2026-09-19 19:09:59"
713,BM10549,"Final Vault Closing",gen30,2026-09-15,17:46:47,7010338580,"2026-09-19 19:09:59"
714,BM10549,"Customer Purpose",gen15,2026-09-16,16:51:18,8056012714,"2026-09-19 19:09:59"
715,BM10549,"Final Vault Closing",iifl5,2026-09-16,19:31:08,8056012714,"2026-09-19 19:09:59"
716,BM10549,"Customer Purpose",gen11,2026-09-17,16:09:24,7010338580,"2026-09-19 19:09:59"
717,BM10549,"Final Vault Closing",gen16,2026-09-17,16:44:55,8056012714,"2026-09-19 19:09:59"
718,BM10549,"Customer Purpose",gen37,2026-09-18,14:34:24,7010338580,"2026-09-19 19:09:59"
719,BM10549,"Customer Purpose",gen1,2026-09-18,17:35:59,8056012714,"2026-09-19 19:09:59"
720,BM10549,"Final Vault Closing",gen25,2026-09-18,18:38:39,7010338580,"2026-09-19 19:09:59"
721,BM10549,"Customer Purpose",gen33,2026-09-19,10:49:30,7010338580,"2026-09-19 19:09:59"
722,BM10549,"Customer Purpose",gen26,2026-09-19,13:30:35,7010338580,"2026-09-19 19:09:59"
723,BM10549,"Customer Purpose",gen9,2026-09-19,13:53:14,9551183536,"2026-09-19 19:09:59"
724,BM10549,"Customer Purpose",gen17,2026-09-19,14:10:00,7010338580,"2026-09-19 19:09:59"
725,BM10552,"Customer Purpose",gen16,2026-09-01,12:09:10,9002434966,"2026-09-19 19:09:59"
726,BM10552,"Customer Purpose",gen5,2026-09-01,12:31:45,8759334566,"2026-09-19 19:09:59"
727,BM10552,"Customer Purpose",gen9,2026-09-01,13:17:20,8759334566,"2026-09-19 19:09:59"
728,BM10552,"Customer Purpose",gen36,2026-09-01,17:47:25,8967587988,"2026-09-19 19:09:59"
729,BM10552,"Final Vault Closing",gen18,2026-09-01,18:29:55,9002434966,"2026-09-19 19:09:59"
730,BM10552,"Customer Purpose",gen,2026-09-02,10:42:12,8759334566,"2026-09-19 19:09:59"
731,BM10552,"Customer Purpose",gen21,2026-09-02,13:15:26,8967587988,"2026-09-19 19:09:59"
732,BM10552,"Customer Purpose",gen32,2026-09-02,17:16:34,9002434966,"2026-09-19 19:09:59"
733,BM10552,"Final Vault Closing",gen28,2026-09-02,18:25:41,8967587988,"2026-09-19 19:09:59"
734,BM10552,"Customer Purpose",gen4,2026-09-03,11:14:20,8759334566,"2026-09-19 19:09:59"
735,BM10552,"Customer Purpose",gen26,2026-09-03,12:13:50,8759334566,"2026-09-19 19:09:59"
736,BM10552,"Customer Purpose",gen13,2026-09-03,13:32:18,8759334566,"2026-09-19 19:09:59"
737,BM10552,"Customer Purpose",gen16,2026-09-03,15:01:17,8759334566,"2026-09-19 19:09:59"
738,BM10552,"Customer Purpose",gen27,2026-09-03,15:15:11,8759334566,"2026-09-19 19:09:59"
739,BM10552,"Customer Purpose",gen9,2026-09-03,15:37:29,8759334566,"2026-09-19 19:09:59"
740,BM10552,"Final Vault Closing",gen9,2026-09-03,18:27:28,8759334566,"2026-09-19 19:09:59"
741,BM10552,"Customer Purpose",gen1,2026-09-04,11:39:31,8759334566,"2026-09-19 19:09:59"
742,BM10552,"Customer Purpose",gen23,2026-09-04,14:38:45,8967587988,"2026-09-19 19:09:59"
743,BM10552,"Final Vault Closing",gen25,2026-09-04,18:37:20,8759334566,"2026-09-19 19:09:59"
744,BM10552,"Customer Purpose",gen10,2026-09-05,10:33:28,8759334566,"2026-09-19 19:09:59"
745,BM10552,"Customer Purpose",gen,2026-09-05,11:00:07,8759334566,"2026-09-19 19:09:59"
746,BM10552,"Customer Purpose",gen1,2026-09-05,12:01:42,8759334566,"2026-09-19 19:09:59"
747,BM10552,"Customer Purpose",gen9,2026-09-05,12:25:01,8759334566,"2026-09-19 19:09:59"
748,BM10552,"Customer Purpose",gen13,2026-09-05,13:13:17,8759334566,"2026-09-19 19:09:59"
749,BM10552,"Customer Purpose",gen26,2026-09-05,13:47:38,8967587988,"2026-09-19 19:09:59"
750,BM10552,"Customer Purpose",gen26,2026-09-05,15:08:23,8759334566,"2026-09-19 19:09:59"
751,BM10552,"Customer Purpose",gen3,2026-09-05,18:20:17,8759334566,"2026-09-19 19:09:59"
752,BM10552,"Final Vault Closing",gen11,2026-09-05,18:26:41,8759334566,"2026-09-19 19:09:59"
753,BM10552,"Customer Purpose",gen1,2026-09-07,10:54:52,8759334566,"2026-09-19 19:09:59"
754,BM10552,"Customer Purpose",gen29,2026-09-07,11:37:12,8759334566,"2026-09-19 19:09:59"
755,BM10552,"Customer Purpose",gen,2026-09-07,13:10:42,8759334566,"2026-09-19 19:09:59"
756,BM10552,"Customer Purpose",gen27,2026-09-07,15:24:09,9002434966,"2026-09-19 19:09:59"
757,BM10552,"Customer Purpose",gen13,2026-09-07,16:25:23,9002434966,"2026-09-19 19:09:59"
758,BM10552,"Customer Purpose",gen24,2026-09-07,17:03:11,8759334566,"2026-09-19 19:09:59"
759,BM10552,"Final Vault Closing",gen10,2026-09-07,18:22:22,8759334566,"2026-09-19 19:09:59"
760,BM10552,"Customer Purpose",gen5,2026-09-08,10:24:12,8759334566,"2026-09-19 19:09:59"
761,BM10552,"Customer Purpose",gen,2026-09-08,13:47:24,9002434966,"2026-09-19 19:09:59"
762,BM10552,"Customer Purpose",gen27,2026-09-08,14:53:12,8759334566,"2026-09-19 19:09:59"
763,BM10552,"Final Vault Closing",gen5,2026-09-08,18:38:59,9002434966,"2026-09-19 19:09:59"
764,BM10552,"Customer Purpose",gen12,2026-09-09,10:57:18,NULL,"2026-09-19 19:09:59"
765,BM10552,"Customer Purpose",gen3,2026-09-09,11:00:25,9002434966,"2026-09-19 19:09:59"
766,BM10552,"Customer Purpose",gen,2026-09-09,11:24:49,9002434966,"2026-09-19 19:09:59"
767,BM10552,"Customer Purpose",gen6,2026-09-09,12:06:22,9002434966,"2026-09-19 19:09:59"
768,BM10552,"Customer Purpose",gen34,2026-09-09,15:21:37,9002434966,"2026-09-19 19:09:59"
769,BM10552,"Customer Purpose",gen14,2026-09-09,17:28:13,9002434966,"2026-09-19 19:09:59"
770,BM10552,"Customer Purpose",gen14,2026-09-09,18:01:22,8967587988,"2026-09-19 19:09:59"
771,BM10552,"Final Vault Closing",gen25,2026-09-09,18:40:55,9002434966,"2026-09-19 19:09:59"
772,BM10552,"Customer Purpose",gen17,2026-09-10,10:16:58,8759334566,"2026-09-19 19:09:59"
773,BM10552,"Customer Purpose",gen27,2026-09-10,13:09:11,9002434966,"2026-09-19 19:09:59"
774,BM10552,"Customer Purpose",gen33,2026-09-10,14:13:19,8759334566,"2026-09-19 19:09:59"
775,BM10552,"Customer Purpose",gen23,2026-09-10,16:51:55,9002434966,"2026-09-19 19:09:59"
776,BM10552,"Final Vault Closing",gen20,2026-09-10,18:29:27,9002434966,"2026-09-19 19:09:59"
777,BM10552,"Customer Purpose",gen7,2026-09-11,10:22:43,8759334566,"2026-09-19 19:09:59"
778,BM10552,"Customer Purpose",gen6,2026-09-11,10:48:57,8759334566,"2026-09-19 19:09:59"
779,BM10552,"Customer Purpose",gen23,2026-09-11,11:25:48,8967587988,"2026-09-19 19:09:59"
780,BM10552,"Customer Purpose",gen32,2026-09-11,12:49:10,8967587988,"2026-09-19 19:09:59"
781,BM10552,"Customer Purpose",gen15,2026-09-11,13:00:17,9002434966,"2026-09-19 19:09:59"
782,BM10552,"Customer Purpose",gen35,2026-09-11,13:34:40,9002434966,"2026-09-19 19:09:59"
783,BM10552,"Final Vault Closing",gen5,2026-09-11,17:37:43,9002434966,"2026-09-19 19:09:59"
784,BM10552,"Customer Purpose",gen11,2026-09-14,10:59:40,8759334566,"2026-09-19 19:09:59"
785,BM10552,"Customer Purpose",gen10,2026-09-14,12:13:52,8759334566,"2026-09-19 19:09:59"
786,BM10552,"Customer Purpose",gen8,2026-09-14,13:16:23,8759334566,"2026-09-19 19:09:59"
787,BM10552,"Customer Purpose",gen9,2026-09-14,14:27:44,8759334566,"2026-09-19 19:09:59"
788,BM10552,"Customer Purpose",gen8,2026-09-14,15:24:13,9002434966,"2026-09-19 19:09:59"
789,BM10552,"Customer Purpose",gen2,2026-09-14,16:53:30,9002434966,"2026-09-19 19:09:59"
790,BM10552,"Final Vault Closing",gen4,2026-09-14,18:16:42,9002434966,"2026-09-19 19:09:59"
791,BM10552,"Customer Purpose",gen38,2026-09-15,10:29:40,9002434966,"2026-09-19 19:09:59"
792,BM10552,"Customer Purpose",gen12,2026-09-15,11:53:24,9002434966,"2026-09-19 19:09:59"
793,BM10552,"Customer Purpose",gen28,2026-09-15,12:56:31,8967587988,"2026-09-19 19:09:59"
794,BM10552,"Customer Purpose",gen20,2026-09-15,13:45:45,9002434966,"2026-09-19 19:09:59"
795,BM10552,"Customer Purpose",gen1,2026-09-15,14:22:50,8759334566,"2026-09-19 19:09:59"
796,BM10552,"Customer Purpose",gen12,2026-09-15,18:05:06,8759334566,"2026-09-19 19:09:59"
797,BM10552,"Final Vault Closing",gen14,2026-09-15,18:35:01,8759334566,"2026-09-19 19:09:59"
798,BM10552,"Customer Purpose",gen41,2026-09-16,10:22:55,9002434966,"2026-09-19 19:09:59"
799,BM10552,"Customer Purpose",gen8,2026-09-16,12:12:12,8759334566,"2026-09-19 19:09:59"
800,BM10552,"Customer Purpose",gen8,2026-09-16,12:58:25,8759334566,"2026-09-19 19:09:59"
801,BM10552,"Customer Purpose",gen6,2026-09-16,14:10:26,9002434966,"2026-09-19 19:09:59"
802,BM10552,"Customer Purpose",gen14,2026-09-16,16:01:45,9002434966,"2026-09-19 19:09:59"
803,BM10552,"Customer Purpose",gen35,2026-09-16,17:24:07,8759334566,"2026-09-19 19:09:59"
804,BM10552,"Final Vault Closing",gen,2026-09-16,18:22:40,8759334566,"2026-09-19 19:09:59"
805,BM10552,"Customer Purpose",gen7,2026-09-17,11:29:12,8967587988,"2026-09-19 19:09:59"
806,BM10552,"Customer Purpose",gen,2026-09-17,12:33:34,8967587988,"2026-09-19 19:09:59"
807,BM10552,"Customer Purpose",iifl4,2026-09-17,13:27:54,8759334566,"2026-09-19 19:09:59"
808,BM10552,"Customer Purpose",gen17,2026-09-17,14:11:26,8759334566,"2026-09-19 19:09:59"
809,BM10552,"Customer Purpose",gen39,2026-09-17,15:33:16,8759334566,"2026-09-19 19:09:59"
810,BM10552,"Customer Purpose",gen25,2026-09-17,16:02:01,8759334566,"2026-09-19 19:09:59"
811,BM10552,"Final Vault Closing",gen35,2026-09-17,18:22:53,9002434966,"2026-09-19 19:09:59"
812,BM10552,"Final Vault Closing",gen25,2026-09-18,18:22:46,8759334566,"2026-09-19 19:09:59"
813,BM10552,"Customer Purpose",gen6,2026-09-19,11:32:22,9002434966,"2026-09-19 19:09:59"
814,BM10552,"Customer Purpose",gen19,2026-09-19,11:53:49,9002434966,"2026-09-19 19:09:59"
815,BM10552,"Customer Purpose",gen39,2026-09-19,12:34:02,8967587988,"2026-09-19 19:09:59"
816,BM10552,"Customer Purpose",gen4,2026-09-19,13:32:07,8759334566,"2026-09-19 19:09:59"
817,BM10552,"Customer Purpose",gen8,2026-09-19,15:03:22,8759334566,"2026-09-19 19:09:59"
818,BM10552,"Customer Purpose",gen30,2026-09-19,15:42:09,9002434966,"2026-09-19 19:09:59"
819,BM10552,"Packet Counting",gen28,2026-09-19,16:29:44,9002434966,"2026-09-19 19:09:59"
820,BM10553,"Customer Purpose",gen37,2026-09-01,10:24:05,9763165121,"2026-09-19 19:09:59"
821,BM10553,"Customer Purpose",gen24,2026-09-01,11:39:36,9763165121,"2026-09-19 19:09:59"
822,BM10553,"Customer Purpose",gen27,2026-09-01,13:10:22,9763165121,"2026-09-19 19:09:59"
823,BM10553,"Customer Purpose",gen28,2026-09-01,17:16:28,7798866963,"2026-09-19 19:09:59"
824,BM10553,"Final Vault Closing",gen5,2026-09-01,18:16:44,7798866963,"2026-09-19 19:09:59"
825,BM10553,"Customer Purpose",gen13,2026-09-02,10:11:44,7798866963,"2026-09-19 19:09:59"
826,BM10553,"Customer Purpose",gen24,2026-09-02,12:36:26,9763165121,"2026-09-19 19:09:59"
827,BM10553,"Customer Purpose",gen18,2026-09-02,12:57:29,7798866963,"2026-09-19 19:09:59"
828,BM10553,"Customer Purpose",gen10,2026-09-02,13:51:00,9763165121,"2026-09-19 19:09:59"
829,BM10553,"Customer Purpose",gen33,2026-09-02,16:08:10,9763165121,"2026-09-19 19:09:59"
830,BM10553,"Customer Purpose",gen14,2026-09-02,16:52:10,7798866963,"2026-09-19 19:09:59"
831,BM10553,"Final Vault Closing",gen,2026-09-02,18:08:50,7798866963,"2026-09-19 19:09:59"
832,BM10553,"Customer Purpose",gen25,2026-09-03,11:42:14,7798866963,"2026-09-19 19:09:59"
833,BM10553,"Customer Purpose",gen11,2026-09-03,12:09:36,9075253453,"2026-09-19 19:09:59"
834,BM10553,"Customer Purpose",gen13,2026-09-03,13:29:26,9075253453,"2026-09-19 19:09:59"
835,BM10553,"Customer Purpose",gen10,2026-09-03,16:13:28,9075253453,"2026-09-19 19:09:59"
836,BM10553,"Customer Purpose",gen14,2026-09-03,17:08:55,9075253453,"2026-09-19 19:09:59"
837,BM10553,"Final Vault Closing",gen3,2026-09-03,18:01:14,7798866963,"2026-09-19 19:09:59"
838,BM10553,"Customer Purpose",gen12,2026-09-04,10:11:12,9763165121,"2026-09-19 19:09:59"
839,BM10553,"Customer Purpose",gen25,2026-09-04,11:45:09,9763165121,"2026-09-19 19:09:59"
840,BM10553,"Customer Purpose",gen24,2026-09-04,11:56:28,9763165121,"2026-09-19 19:09:59"
841,BM10553,"Customer Purpose",gen29,2026-09-04,12:41:59,9763165121,"2026-09-19 19:09:59"
842,BM10553,"Customer Purpose",gen17,2026-09-04,16:34:23,9763165121,"2026-09-19 19:09:59"
843,BM10553,"Final Vault Closing",gen26,2026-09-04,18:19:08,9763165121,"2026-09-19 19:09:59"
844,BM10553,"Customer Purpose",gen23,2026-09-07,11:02:59,7798866963,"2026-09-19 19:09:59"
845,BM10553,"Customer Purpose",gen21,2026-09-07,11:14:29,9075253453,"2026-09-19 19:09:59"
846,BM10553,"Customer Purpose",gen18,2026-09-07,11:54:58,9075253453,"2026-09-19 19:09:59"
847,BM10553,"Customer Purpose",gen19,2026-09-07,12:37:51,9763165121,"2026-09-19 19:09:59"
848,BM10553,"Customer Purpose",gen8,2026-09-07,12:59:39,9763165121,"2026-09-19 19:09:59"
849,BM10553,"Customer Purpose",gen12,2026-09-07,13:37:15,9763165121,"2026-09-19 19:09:59"
850,BM10553,"Customer Purpose",gen18,2026-09-07,13:55:59,7798866963,"2026-09-19 19:09:59"
851,BM10553,"Customer Purpose",gen4,2026-09-07,16:53:29,7798866963,"2026-09-19 19:09:59"
852,BM10553,"Final Vault Closing",gen12,2026-09-07,18:31:53,7798866963,"2026-09-19 19:09:59"
853,BM10553,"Customer Purpose",gen17,2026-09-08,10:52:36,7798866963,"2026-09-19 19:09:59"
854,BM10553,"Customer Purpose",gen1,2026-09-08,11:30:23,7798866963,"2026-09-19 19:09:59"
855,BM10553,"Customer Purpose",gen34,2026-09-08,11:40:21,7798866963,"2026-09-19 19:09:59"
856,BM10553,"Customer Purpose",gen19,2026-09-08,12:32:02,7798866963,"2026-09-19 19:09:59"
857,BM10553,"Customer Purpose",gen9,2026-09-08,14:15:05,7798866963,"2026-09-19 19:09:59"
858,BM10553,"Customer Purpose",gen12,2026-09-08,14:42:55,9075253453,"2026-09-19 19:09:59"
859,BM10553,"Audit Purpose",gen26,2026-09-08,15:03:47,9763165121,"2026-09-19 19:09:59"
860,BM10553,"Customer Purpose",gen20,2026-09-08,17:12:23,NULL,"2026-09-19 19:09:59"
861,BM10553,"Final Vault Closing",gen22,2026-09-08,18:33:56,7798866963,"2026-09-19 19:09:59"
862,BM10553,"Customer Purpose",gen18,2026-09-09,10:23:58,9763165121,"2026-09-19 19:09:59"
863,BM10553,"Customer Purpose",gen3,2026-09-09,11:57:55,9763165121,"2026-09-19 19:09:59"
864,BM10553,"Customer Purpose",gen11,2026-09-09,12:33:44,9763165121,"2026-09-19 19:09:59"
865,BM10553,"Customer Purpose",gen18,2026-09-09,13:12:33,9763165121,"2026-09-19 19:09:59"
866,BM10553,"Customer Purpose",gen15,2026-09-09,14:30:44,9763165121,"2026-09-19 19:09:59"
867,BM10553,"Customer Purpose",gen26,2026-09-09,15:36:56,9075253453,"2026-09-19 19:09:59"
868,BM10553,"Customer Purpose",gen1,2026-09-09,16:03:57,9075253453,"2026-09-19 19:09:59"
869,BM10553,"Customer Purpose",gen14,2026-09-09,16:17:30,9763165121,"2026-09-19 19:09:59"
870,BM10553,"Customer Purpose",gen34,2026-09-09,16:43:31,9763165121,"2026-09-19 19:09:59"
871,BM10553,"Customer Purpose",gen14,2026-09-09,17:07:40,9763165121,"2026-09-19 19:09:59"
872,BM10553,"Final Vault Closing",gen17,2026-09-09,18:28:36,7798866963,"2026-09-19 19:09:59"
873,BM10553,"Customer Purpose",gen27,2026-09-10,10:08:38,7798866963,"2026-09-19 19:09:59"
874,BM10553,"Customer Purpose",gen24,2026-09-10,11:12:58,9763165121,"2026-09-19 19:09:59"
875,BM10553,"Customer Purpose",gen12,2026-09-10,11:48:50,7798866963,"2026-09-19 19:09:59"
876,BM10553,"Customer Purpose",gen12,2026-09-10,12:32:59,7798866963,"2026-09-19 19:09:59"
877,BM10553,"Customer Purpose",gen18,2026-09-10,14:15:23,9763165121,"2026-09-19 19:09:59"
878,BM10553,"Customer Purpose",gen15,2026-09-10,16:09:36,9075253453,"2026-09-19 19:09:59"
879,BM10553,"Customer Purpose",gen1,2026-09-10,18:39:52,9075253453,"2026-09-19 19:09:59"
880,BM10553,"Customer Purpose",gen36,2026-09-11,10:09:49,9075253453,"2026-09-19 19:09:59"
881,BM10553,"Customer Purpose",gen32,2026-09-11,11:51:44,9075253453,"2026-09-19 19:09:59"
882,BM10553,"Customer Purpose",gen27,2026-09-11,12:15:28,9763165121,"2026-09-19 19:09:59"
883,BM10553,"Customer Purpose",gen4,2026-09-11,12:33:15,9763165121,"2026-09-19 19:09:59"
884,BM10553,"Customer Purpose",gen39,2026-09-11,13:02:26,7798866963,"2026-09-19 19:09:59"
885,BM10553,"Customer Purpose",gen9,2026-09-11,13:19:09,7798866963,"2026-09-19 19:09:59"
886,BM10553,"Customer Purpose",gen30,2026-09-11,15:50:29,7798866963,"2026-09-19 19:09:59"
887,BM10553,"Customer Purpose",gen28,2026-09-11,16:13:51,9763165121,"2026-09-19 19:09:59"
888,BM10553,"Customer Purpose",gen32,2026-09-11,16:21:06,9075253453,"2026-09-19 19:09:59"
889,BM10553,"Final Vault Closing",gen27,2026-09-11,18:43:46,9763165121,"2026-09-19 19:09:59"
890,BM10553,"Customer Purpose",gen30,2026-09-12,10:11:24,7798866963,"2026-09-19 19:09:59"
891,BM10553,"Customer Purpose",gen16,2026-09-12,11:37:26,9763165121,"2026-09-19 19:09:59"
892,BM10553,"Customer Purpose",gen2,2026-09-12,12:29:24,9763165121,"2026-09-19 19:09:59"
893,BM10553,"Customer Purpose",gen21,2026-09-12,13:23:37,9763165121,"2026-09-19 19:09:59"
894,BM10553,"Customer Purpose",gen16,2026-09-12,13:29:51,9763165121,"2026-09-19 19:09:59"
895,BM10553,"Customer Purpose",gen28,2026-09-12,13:39:34,9763165121,"2026-09-19 19:09:59"
896,BM10553,"Customer Purpose",gen20,2026-09-12,13:51:36,7798866963,"2026-09-19 19:09:59"
897,BM10553,"Customer Purpose",gen9,2026-09-12,14:23:38,9763165121,"2026-09-19 19:09:59"
898,BM10553,"Packet Counting",gen26,2026-09-12,15:30:53,9763165121,"2026-09-19 19:09:59"
899,BM10553,"Customer Purpose",gen27,2026-09-12,17:21:53,7798866963,"2026-09-19 19:09:59"
900,BM10553,"Final Vault Closing",gen15,2026-09-12,18:05:21,9763165121,"2026-09-19 19:09:59"
901,BM10553,"Customer Purpose",gen11,2026-09-15,10:16:20,7798866963,"2026-09-19 19:09:59"
902,BM10553,"Customer Purpose",gen40,2026-09-15,10:29:16,7798866963,"2026-09-19 19:09:59"
903,BM10553,"Customer Purpose",gen35,2026-09-15,12:32:47,7798866963,"2026-09-19 19:09:59"
904,BM10553,"Other Purpose",gen16,2026-09-15,12:45:22,7798866963,"2026-09-19 19:09:59"
905,BM10553,"Customer Purpose",gen7,2026-09-15,14:24:08,7798866963,"2026-09-19 19:09:59"
906,BM10553,"Other Purpose",gen8,2026-09-15,14:37:37,9763165121,"2026-09-19 19:09:59"
907,BM10553,"Customer Purpose",gen15,2026-09-15,15:57:59,9763165121,"2026-09-19 19:09:59"
908,BM10553,"Customer Purpose",gen1,2026-09-15,16:11:36,9763165121,"2026-09-19 19:09:59"
909,BM10553,"Other Purpose",gen37,2026-09-15,16:25:10,9763165121,"2026-09-19 19:09:59"
910,BM10553,"Customer Purpose",gen24,2026-09-15,17:09:59,9763165121,"2026-09-19 19:09:59"
911,BM10553,"Final Vault Closing",gen24,2026-09-15,18:16:11,9763165121,"2026-09-19 19:09:59"
912,BM10553,"Customer Purpose",gen39,2026-09-16,10:15:59,7798866963,"2026-09-19 19:09:59"
913,BM10553,"Customer Purpose",gen1,2026-09-16,12:41:03,7798866963,"2026-09-19 19:09:59"
914,BM10553,"Customer Purpose",gen38,2026-09-16,13:37:05,7798866963,"2026-09-19 19:09:59"
915,BM10553,"Customer Purpose",gen26,2026-09-16,14:50:08,7798866963,"2026-09-19 19:09:59"
916,BM10553,"Customer Purpose",gen2,2026-09-16,15:59:35,9763165121,"2026-09-19 19:09:59"
917,BM10553,"Customer Purpose",gen15,2026-09-16,16:14:26,9075253453,"2026-09-19 19:09:59"
918,BM10553,"Customer Purpose",gen26,2026-09-16,17:25:50,9075253453,"2026-09-19 19:09:59"
919,BM10553,"Final Vault Closing",gen3,2026-09-16,18:01:02,9075253453,"2026-09-19 19:09:59"
920,BM10553,"Customer Purpose",gen17,2026-09-17,11:51:57,9763165121,"2026-09-19 19:09:59"
921,BM10553,"Customer Purpose",gen11,2026-09-17,12:22:53,7798866963,"2026-09-19 19:09:59"
922,BM10553,"Customer Purpose",gen28,2026-09-17,13:24:32,7798866963,"2026-09-19 19:09:59"
923,BM10553,"Customer Purpose",gen35,2026-09-17,14:15:51,7798866963,"2026-09-19 19:09:59"
924,BM10553,"Customer Purpose",gen42,2026-09-17,14:46:37,9763165121,"2026-09-19 19:09:59"
925,BM10553,"Customer Purpose",gen19,2026-09-17,17:20:13,9763165121,"2026-09-19 19:09:59"
926,BM10553,"Final Vault Closing",gen6,2026-09-17,18:08:31,7798866963,"2026-09-19 19:09:59"
927,BM10553,"Customer Purpose",gen12,2026-09-18,10:54:15,7798866963,"2026-09-19 19:09:59"
928,BM10553,"Customer Purpose",gen,2026-09-18,12:54:32,9763165121,"2026-09-19 19:09:59"
929,BM10553,"Customer Purpose",gen33,2026-09-18,17:30:20,9763165121,"2026-09-19 19:09:59"
930,BM10553,"Final Vault Closing",gen3,2026-09-18,17:56:21,NULL,"2026-09-19 19:09:59"
931,BM10553,"Customer Purpose",gen4,2026-09-19,11:45:32,9763165121,"2026-09-19 19:09:59"
932,BM10553,"Customer Purpose",gen17,2026-09-19,12:28:46,9763165121,"2026-09-19 19:09:59"
933,BM10553,"Customer Purpose",gen23,2026-09-19,12:56:41,9763165121,"2026-09-19 19:09:59"
934,BM10553,"Customer Purpose",gen15,2026-09-19,16:31:25,9763165121,"2026-09-19 19:09:59"
935,BM10554,"Customer Purpose",gen8,2026-09-01,10:57:44,9002542409,"2026-09-19 19:09:59"
936,BM10554,"Customer Purpose",gen6,2026-09-01,12:25:34,8918262972,"2026-09-19 19:09:59"
937,BM10554,"Customer Purpose",gen22,2026-09-01,13:15:45,8918262972,"2026-09-19 19:09:59"
938,BM10554,"Final Vault Closing",gen3,2026-09-01,17:48:37,8918262972,"2026-09-19 19:09:59"
939,BM10554,"Customer Purpose",gen13,2026-09-02,10:03:40,8918262972,"2026-09-19 19:09:59"
940,BM10554,"Customer Purpose",gen14,2026-09-02,11:11:17,8918262972,"2026-09-19 19:09:59"
941,BM10554,"Customer Purpose",gen33,2026-09-02,12:10:40,8918262972,"2026-09-19 19:09:59"
942,BM10554,"Final Vault Closing",gen34,2026-09-02,18:22:53,8918262972,"2026-09-19 19:09:59"
943,BM10554,"Customer Purpose",gen28,2026-09-03,11:46:37,8918262972,"2026-09-19 19:09:59"
944,BM10554,"Final Vault Closing",gen27,2026-09-03,18:44:11,9002542409,"2026-09-19 19:09:59"
945,BM10554,"Customer Purpose",gen34,2026-09-04,13:18:45,9002542409,"2026-09-19 19:09:59"
946,BM10554,"Final Vault Closing",gen28,2026-09-04,18:32:33,8918262972,"2026-09-19 19:09:59"
947,BM10554,"Customer Purpose",gen6,2026-09-05,13:04:52,8918262972,"2026-09-19 19:09:59"
948,BM10554,"Customer Purpose",gen10,2026-09-05,14:39:04,8918262972,"2026-09-19 19:09:59"
949,BM10554,"Customer Purpose",gen12,2026-09-05,14:48:11,8918262972,"2026-09-19 19:09:59"
950,BM10554,"Final Vault Closing",gen23,2026-09-05,19:03:51,8918262972,"2026-09-19 19:09:59"
951,BM10554,"Customer Purpose",iifl7,2026-09-07,14:36:13,NULL,"2026-09-19 19:09:59"
952,BM10554,"Customer Purpose",iifl7,2026-09-07,14:37:03,NULL,"2026-09-19 19:09:59"
953,BM10554,"Customer Purpose",gen7,2026-09-07,17:22:13,8918262972,"2026-09-19 19:09:59"
954,BM10554,"Customer Purpose",gen26,2026-09-07,17:36:25,9002542409,"2026-09-19 19:09:59"
955,BM10554,"Final Vault Closing",iifl5,2026-09-07,18:39:15,8918262972,"2026-09-19 19:09:59"
956,BM10554,"Customer Purpose",gen29,2026-09-08,13:09:58,8918262972,"2026-09-19 19:09:59"
957,BM10554,"Final Vault Closing",gen18,2026-09-08,18:16:17,8918262972,"2026-09-19 19:09:59"
958,BM10554,"Customer Purpose",gen14,2026-09-09,11:40:47,8918262972,"2026-09-19 19:09:59"
959,BM10554,"Final Vault Closing",gen29,2026-09-09,18:18:27,8918262972,"2026-09-19 19:09:59"
960,BM10554,"Customer Purpose",gen25,2026-09-10,13:35:24,9002542409,"2026-09-19 19:09:59"
961,BM10554,"Customer Purpose",gen24,2026-09-10,14:42:47,8918262972,"2026-09-19 19:09:59"
962,BM10554,"Customer Purpose",gen23,2026-09-10,16:19:12,8918262972,"2026-09-19 19:09:59"
963,BM10554,"Final Vault Closing",gen10,2026-09-10,18:40:22,9002542409,"2026-09-19 19:09:59"
964,BM10554,"Customer Purpose",gen1,2026-09-11,14:15:54,9002542409,"2026-09-19 19:09:59"
965,BM10554,"Final Vault Closing",gen8,2026-09-11,17:54:12,8918262972,"2026-09-19 19:09:59"
966,BM10554,"Customer Purpose",gen37,2026-09-12,11:11:42,9002542409,"2026-09-19 19:09:59"
967,BM10554,"Customer Purpose",gen25,2026-09-12,12:43:57,9002542409,"2026-09-19 19:09:59"
968,BM10554,"Customer Purpose",gen34,2026-09-12,14:59:30,9002542409,"2026-09-19 19:09:59"
969,BM10554,"Final Vault Closing",iifl7,2026-09-12,18:19:56,8918262972,"2026-09-19 19:09:59"
970,BM10554,"Audit Purpose",gen10,2026-09-14,10:29:33,9002542409,"2026-09-19 19:09:59"
971,BM10554,"Audit Purpose",gen27,2026-09-14,10:51:40,9002542409,"2026-09-19 19:09:59"
972,BM10554,"Customer Purpose",gen3,2026-09-14,12:03:05,9002542409,"2026-09-19 19:09:59"
973,BM10554,"Audit Purpose",gen39,2026-09-14,13:01:51,9002542409,"2026-09-19 19:09:59"
974,BM10554,"Audit Purpose",gen38,2026-09-14,14:00:26,8918262972,"2026-09-19 19:09:59"
975,BM10554,"Audit Purpose",gen24,2026-09-14,14:40:09,8918262972,"2026-09-19 19:09:59"
976,BM10554,"Audit Purpose",gen41,2026-09-14,15:25:39,8918262972,"2026-09-19 19:09:59"
977,BM10554,"Customer Purpose",gen10,2026-09-14,17:13:48,9002542409,"2026-09-19 19:09:59"
978,BM10554,"Customer Purpose",gen24,2026-09-15,11:23:40,8918262972,"2026-09-19 19:09:59"
979,BM10554,"Customer Purpose",gen29,2026-09-15,13:03:10,8918262972,"2026-09-19 19:09:59"
980,BM10554,"Final Vault Closing",iifl7,2026-09-15,18:32:22,8918262972,"2026-09-19 19:09:59"
981,BM10554,"Final Vault Closing",gen21,2026-09-16,18:09:35,8918262972,"2026-09-19 19:09:59"
982,BM10554,"Final Vault Closing",gen17,2026-09-16,18:25:33,9002542409,"2026-09-19 19:09:59"
983,BM10554,"Customer Purpose",gen27,2026-09-17,14:31:01,9002542409,"2026-09-19 19:09:59"
984,BM10554,"Customer Purpose",gen23,2026-09-17,16:32:10,9002542409,"2026-09-19 19:09:59"
985,BM10554,"Customer Purpose",gen17,2026-09-17,18:10:21,8918262972,"2026-09-19 19:09:59"
986,BM10554,"Customer Purpose",gen24,2026-09-18,13:13:48,8918262972,"2026-09-19 19:09:59"
987,BM10554,"Customer Purpose",gen16,2026-09-18,17:41:06,8918262972,"2026-09-19 19:09:59"
988,BM10554,"Final Vault Closing",gen37,2026-09-18,18:26:28,8918262972,"2026-09-19 19:09:59"
989,BM10554,"Customer Purpose",gen3,2026-09-19,10:44:23,8918262972,"2026-09-19 19:09:59"
990,BM10554,"Customer Purpose",gen21,2026-09-19,13:03:44,9002542409,"2026-09-19 19:09:59"
991,BM10554,"Customer Purpose",gen32,2026-09-19,14:50:43,9002542409,"2026-09-19 19:09:59"
992,BM10554,"Customer Purpose",gen21,2026-09-19,15:25:07,9002542409,"2026-09-19 19:09:59"
993,BM10556,"Customer Purpose",gen32,2026-09-01,11:19:09,7002677708,"2026-09-19 19:09:59"
994,BM10556,"Customer Purpose",gen33,2026-09-01,11:53:51,7002899265,"2026-09-19 19:09:59"
995,BM10556,"Customer Purpose",gen32,2026-09-01,12:16:39,7002899265,"2026-09-19 19:09:59"
996,BM10556,"Customer Purpose",gen2,2026-09-01,12:31:32,7002677708,"2026-09-19 19:09:59"
997,BM10556,"Customer Purpose",gen20,2026-09-01,13:12:51,7002899265,"2026-09-19 19:09:59"
998,BM10556,"Customer Purpose",gen36,2026-09-01,14:20:18,7002677708,"2026-09-19 19:09:59"
999,BM10556,"Final Vault Closing",gen29,2026-09-01,18:10:50,7002899265,"2026-09-19 19:09:59"
1000,BM10556,"Customer Purpose",gen15,2026-09-02,12:01:46,7002677708,"2026-09-19 19:09:59"
