"BM10561","IIFL_BM10561_MALAD_ADARSH COLONY ROAD _MH  ","Emergency Relese Button Alert","29-09-2026","10:30:35","gen2","Audit Check","29/09/2026 10:30:30  gen2
TESTING,    BY   AUDIT  SIR  CONFIRMED BY KEY CUSTOODIAN 3    09136530126   ,","CLOSED"
"BM10616","IIFL_BM10616_ISAGARH MAIN ROAD_MP  ","Panic Washroom Alert","29-09-2026","15:03:54","gen12","Audit Check","29/09/2026 15:03:48  gen12
TESTING, BY AUDITOR SIR CONFIRMED BY KEY CUSTOODIAN 1/8815665701","CLOSED"
"BM10616","IIFL_BM10616_ISAGARH MAIN ROAD_MP  ","Panic BM Cabin Alert","29-09-2026","15:04:10","gen12","Audit Check","TESTING, BY AUDITOR SIR CONFIRMED BY KEY CUSTOODIA","CLOSED"
"BM10616","IIFL_BM10616_ISAGARH MAIN ROAD_MP  ","Panic BM Cabin Alert","29-09-2026","15:04:10","gen12","Audit Check","TESTING, BY AUDITOR SIR CONFIRMED BY KEY CUSTOODIA","CLOSED"
"BM10624","IIFL_BM10624_LOKAPUR KADARAKOPPA ROAD_KTK  ","Panic Customer Executive Alert","29-09-2026","14:52:35","gen18","Engineer at site","29/09/2026 14:52:20  gen18
WORK IN PROGRESS, ENGINEER AT SITE  CONFORMED BY TWO WAY COMMUNICATION","CLOSED"
"BM10624","IIFL_BM10624_LOKAPUR KADARAKOPPA ROAD_KTK  ","Panic Washroom Alert","29-09-2026","14:53:36","gen18","Engineer at site","","CLOSED"
"BM10624","IIFL_BM10624_LOKAPUR KADARAKOPPA ROAD_KTK  ","Panic BM Cabin Alert","29-09-2026","14:54:06","gen18","Engineer at site","","CLOSED"
"BM10624","IIFL_BM10624_LOKAPUR KADARAKOPPA ROAD_KTK  ","Panic Vault Room Alert","29-09-2026","14:56:29","iifl2","Engineer at site","","CLOSED"
"BM10624","IIFL_BM10624_LOKAPUR KADARAKOPPA ROAD_KTK  ","Panic Vault Room Alert","29-09-2026","14:56:29","iifl2","Engineer at site","","CLOSED"
"BM10624","IIFL_BM10624_LOKAPUR KADARAKOPPA ROAD_KTK  ","Panic Valuer Desk Alert","29-09-2026","14:56:42","iifl2","Engineer at site","","CLOSED"
"BM10624","IIFL_BM10624_LOKAPUR KADARAKOPPA ROAD_KTK  ","Emergency Relese Button Alert","29-09-2026","14:56:52","gen18","Engineer at site","","CLOSED"
"BM10624","IIFL_BM10624_LOKAPUR KADARAKOPPA ROAD_KTK  ","Panic Valuer Desk Alert","29-09-2026","15:10:29","gen35","Engineer at site","29/09/2026 15:10:26  gen35
WORK IN PROGRESS, ENGINEER AT SITE.   CONFIRMED BY KC 1 09902868575","CLOSED"
"BM10669","IIFL_BM10669_SAMBHAJINAGAR PUNE_MH  ","Panic Customer Executive Alert","29-09-2026","14:13:21","gen10","Audit Check","29/09/2026 14:13:17  gen10
TESTING BY AUDITOR SIR, CONFIRMED BY KC2.................8652758698","CLOSED"
"BM10669","IIFL_BM10669_SAMBHAJINAGAR PUNE_MH  ","Panic Valuer Desk Alert","29-09-2026","14:13:44","gen10","Audit Check","29/09/2026 14:13:39  gen10
TESTING BY AUDITOR SIR, CONFIRMED BY KC2.................8652758698","CLOSED"
"BM10669","IIFL_BM10669_SAMBHAJINAGAR PUNE_MH  ","Panic Customer Executive Alert","29-09-2026","14:13:59","gen10","Audit Check","29/09/2026 14:13:54  gen10
TESTING BY AUDITOR SIR, CONFIRMED BY KC2.................8652758698","CLOSED"
"BM10669","IIFL_BM10669_SAMBHAJINAGAR PUNE_MH  ","Panic Customer Executive Alert","29-09-2026","14:14:14","gen10","Audit Check","29/09/2026 14:14:09  gen10
TESTING BY AUDITOR SIR, CONFIRMED BY KC2.................8652758698","CLOSED"
"BM10669","IIFL_BM10669_SAMBHAJINAGAR PUNE_MH  ","Panic Customer Executive Alert","29-09-2026","14:14:33","gen10","Audit Check","29/09/2026 14:14:27  gen10
TESTING BY AUDITOR SIR, CONFIRMED BY KC2.................8652758698","CLOSED"
"BM10678","IIFL_BM10678_GORAKHPUR KAURIRAM_UP  ","Panic Valuer Desk Alert","29-09-2026","15:13:22","gen7","Audit Check","29/09/2026 15:13:11  gen7
TESTING BY AUDITOR SIR, CONFIRMED BY KC1-8318507921","CLOSED"
"BM10697","IIFL_BM10697_TUKKUGUDA MAIN ROAD_TL  ","Panic Valuer Desk Alert","29-09-2026","15:30:30","gen2","Audit Check","29/09/2026 15:30:17  gen2
TESTING    BY  AUDIT  SIR  , CONFIRMED BY  TWO WAY","CLOSED"
"BM10697","IIFL_BM10697_TUKKUGUDA MAIN ROAD_TL  ","Panic BM Cabin Alert","29-09-2026","15:31:12","gen2","Audit Check","29/09/2026 15:31:03  gen2
TESTING    BY  AUDIT  SIR  , CONFIRMED BY  TWO WAY","CLOSED"
"BM10697","IIFL_BM10697_TUKKUGUDA MAIN ROAD_TL  ","Panic Washroom Alert","29-09-2026","15:31:56","gen2","Audit Check","29/09/2026 15:31:38  gen2
TESTING    BY  AUDIT  SIR  , CONFIRMED BY  TWO WAY","CLOSED"
"BM10697","IIFL_BM10697_TUKKUGUDA MAIN ROAD_TL  ","Panic Customer Executive Alert","29-09-2026","15:32:16","gen2","Audit Check","29/09/2026 15:32:11  gen2
TESTING    BY  AUDIT  SIR  , CONFIRMED BY  TWO WAY","CLOSED"
"BM10761","IIFL_BM10761_PALWAL ALAWALPUR CHOWK_HR  ","Panic Vault Room Alert","29-09-2026","14:13:04","gen13","Engineer at site","","CLOSED"
"BM10761","IIFL_BM10761_PALWAL ALAWALPUR CHOWK_HR  ","Panic Washroom Alert","29-09-2026","14:22:55","gen6","Engineer at site","29/09/2026 14:22:51  gen6
WORK IN PROGRESS, ENGINEER AT SITE.","CLOSED"
"BM10761","IIFL_BM10761_PALWAL ALAWALPUR CHOWK_HR  ","Panic Valuer Desk Alert","29-09-2026","14:23:09","gen6","Engineer at site","29/09/2026 14:23:05  gen6
WORK IN PROGRESS, ENGINEER AT SITE.","CLOSED"
"BM10761","IIFL_BM10761_PALWAL ALAWALPUR CHOWK_HR  ","Panic BM Cabin Alert","29-09-2026","14:23:25","gen6","Engineer at site","29/09/2026 14:23:21  gen6
WORK IN PROGRESS, ENGINEER AT SITE.","CLOSED"
"BM10761","IIFL_BM10761_PALWAL ALAWALPUR CHOWK_HR  ","Panic Customer Executive Alert","29-09-2026","14:23:41","gen6","Engineer at site","29/09/2026 14:23:35  gen6
WORK IN PROGRESS, ENGINEER AT SITE.","CLOSED"
"BM10772","IIFL_BM10772_KRISHNAGIRI_ANCHETTY_TN  ","Panic Valuer Desk Alert","29-09-2026","12:36:20","gen10","Audit Check","29/09/2026 12:36:15  gen10
TESTING BY AUDITOR SIR, CONFIRMED BY TWO WAY COMMUNICATION","CLOSED"
"BM10772","IIFL_BM10772_KRISHNAGIRI_ANCHETTY_TN  ","Panic Vault Room Alert","29-09-2026","12:36:36","gen10","Audit Check","29/09/2026 12:36:31  gen10
TESTING BY AUDITOR SIR, CONFIRMED BY TWO WAY COMMUNICATION","CLOSED"
"BM10829","IIFL_BM10829_HOWRAH BALLY_G_T_ROAD_WB  ","Panic Valuer Desk Alert","29-09-2026","13:33:57","gen9","Audit Check","29/09/2026 13:33:50  gen9
TESTING,BY AUDITOR SIR CONFIRMED BY KC 2    7980748567","CLOSED"
"BM10829","IIFL_BM10829_HOWRAH BALLY_G_T_ROAD_WB  ","Panic Washroom Alert","29-09-2026","13:34:42","gen9","Audit Check","29/09/2026 13:34:36  gen9
TESTING, BY AUDITOR SIR CONFIRMED BY KC   2    7980748567","CLOSED"
"BM10829","IIFL_BM10829_HOWRAH BALLY_G_T_ROAD_WB  ","Panic Customer Executive Alert","29-09-2026","13:34:58","gen9","Audit Check","29/09/2026 13:34:52  gen9
TESTING, BY AUDITOR SIR CONFIRMED BY KC   2    7980748567","CLOSED"
"BM10895","IIFL_BM10895_CHENNAI PERIYAPALAYAM _TN  ","Panic Customer Executive Alert","29-09-2026","11:46:49","gen4","Engineer at site","29/09/2026 11:46:41  gen4
WORK IN PROGRESS, ENGINEER AT SITE. COMFIRMED BY KC 1.......  9360003830","CLOSED"
"BM10895","IIFL_BM10895_CHENNAI PERIYAPALAYAM _TN  ","Panic Washroom Alert","29-09-2026","11:49:51","gen35","Engineer at site","29/09/2026 11:49:47  gen35
WORK IN PROGRESS, ENGINEER AT SITE.   CONFIRMED BY KC 1     09360003830","CLOSED"
"BM10895","IIFL_BM10895_CHENNAI PERIYAPALAYAM _TN  ","Panic Valuer Desk Alert","29-09-2026","11:56:24","gen9","Engineer at site","29/09/2026 11:56:20  gen9
WORK IN PROGRESS, ENGINEER AT SITE CONFIRMED BY KC 1    9360003830","CLOSED"
"BM10920","IIFL_BM10920_CHENNAI KUNDRATHUR_TN  ","Panic Vault Room Alert","29-09-2026","12:04:32","gen7","Engineer at site","29/09/2026 12:04:24  gen7
WORK IN PROGRESS, ENGINEER AT SITE. CONFIRMED BY KC1-8825542990","CLOSED"
"BM10920","IIFL_BM10920_CHENNAI KUNDRATHUR_TN  ","Panic Valuer Desk Alert","29-09-2026","12:07:01","gen15","Engineer at site","29/09/2026 12:06:56  gen15
WORK IN PROGRESS, ENGINEER AT SITE CONFIRMED BY TWOWAY","CLOSED"
"BM10920","IIFL_BM10920_CHENNAI KUNDRATHUR_TN  ","Panic Valuer Desk Alert","29-09-2026","12:07:23","gen15","Engineer at site","29/09/2026 12:07:17  gen15
WORK IN PROGRESS, ENGINEER AT SITE CONFIRMED BY TWOWAY","CLOSED"
"BM10920","IIFL_BM10920_CHENNAI KUNDRATHUR_TN  ","Panic BM Cabin Alert","29-09-2026","12:10:03","gen14","Engineer at site","","CLOSED"
"BM10920","IIFL_BM10920_CHENNAI KUNDRATHUR_TN  ","Panic Washroom Alert","29-09-2026","12:11:04","gen48","Engineer at site","","CLOSED"
"BM10920","IIFL_BM10920_CHENNAI KUNDRATHUR_TN  ","Panic Switch Wireless Alert","29-09-2026","12:12:13","gen49","Engineer at site","","CLOSED"
"BM10920","IIFL_BM10920_CHENNAI KUNDRATHUR_TN  ","Panic Customer Executive Alert","29-09-2026","12:12:23","gen49","Engineer at site","","CLOSED"
"BM10920","IIFL_BM10920_CHENNAI KUNDRATHUR_TN  ","Emergency Relese Button Alert","29-09-2026","12:15:42","gen49","Engineer at site","","CLOSED"
"BM11010","IIFL_BM11010_HARIPUR HAT_JAJPUR_OD  ","Panic Valuer Desk Alert","29-09-2026","12:07:01","gen4","Engineer at site","29/09/2026 12:06:58  gen4
WORK IN PROGRESS, ENGINEER AT SITE. CONFIRMED BY TWOWAY COMMUNICATION","CLOSED"
"BM11010","IIFL_BM11010_HARIPUR HAT_JAJPUR_OD  ","Panic BM Cabin Alert","29-09-2026","12:07:17","gen4","Engineer at site","29/09/2026 12:07:12  gen4
WORK IN PROGRESS, ENGINEER AT SITE. CONFIRMED BY TWOWAY COMMUNICATION","CLOSED"
"BM11010","IIFL_BM11010_HARIPUR HAT_JAJPUR_OD  ","Panic Customer Executive Alert","29-09-2026","12:07:31","gen4","Engineer at site","29/09/2026 12:07:26  gen4
WORK IN PROGRESS, ENGINEER AT SITE. CONFIRMED BY TWOWAY COMMUNICATION","CLOSED"
"BM11010","IIFL_BM11010_HARIPUR HAT_JAJPUR_OD  ","Panic Washroom Alert","29-09-2026","12:08:14","gen4","Engineer at site","29/09/2026 12:08:11  gen4
WORK IN PROGRESS, ENGINEER AT SITE. CONFIRMED BY TWOWAY COMMUNICATION","CLOSED"
"BM11010","IIFL_BM11010_HARIPUR HAT_JAJPUR_OD  ","Emergency Relese Button Alert","29-09-2026","12:08:23","gen19","Engineer at site","","CLOSED"
"BM5092","IIFL_BM5092_LAXMI NAGAR_DL  ","Panic Switch Wireless Alert","29-09-2026","13:28:44","gen10","Engineer at site","29/09/2026 13:28:41  gen10
WORK IN PROGRESS, ENGINEER AT SITE. CONFIRMED BY KC2...................8368100844","CLOSED"
"BM5092","IIFL_BM5092_LAXMI NAGAR_DL  ","Panic BM Cabin Alert","29-09-2026","13:49:42","gen35","Engineer at site","","CLOSED"
"BM5092","IIFL_BM5092_LAXMI NAGAR_DL  ","Panic BM Cabin Alert","29-09-2026","13:49:42","gen35","Engineer at site","","CLOSED"
"BM5092","IIFL_BM5092_LAXMI NAGAR_DL  ","Panic Customer Executive Alert","29-09-2026","13:53:29","iifl2","Engineer at site","","CLOSED"
"BM5092","IIFL_BM5092_LAXMI NAGAR_DL  ","Panic Vault Room Alert","29-09-2026","13:57:10","gen40","Engineer at site","29/09/2026 13:56:57  gen40
WORK IN PROGRESS, ENGINEER AT SITE. CONFIRMED BY TWOWAY COMMUNICATION.......","CLOSED"
"BM5092","IIFL_BM5092_LAXMI NAGAR_DL  ","Panic Switch Wireless Alert","29-09-2026","13:58:24","gen40","Engineer at site","29/09/2026 13:57:46  gen40
WORK IN PROGRESS, ENGINEER AT SITE.   WORK IN PROGRESS, ENGINEER AT SITE. CONFIRMED BY TWOWAY COMMUNICATION.......","CLOSED"
"BM5092","IIFL_BM5092_LAXMI NAGAR_DL  ","Panic Vault Room Alert","29-09-2026","13:58:57","iifl2","Engineer at site","29/09/2026 13:58:50  iifl2
WORK IN PROGRESS, ENGINEER AT SITE.","CLOSED"
"BM5995","IIFL_BM5995_GHAZIABAD SANJAY NAGAR_UP  ","Panic Customer Executive Alert","29-09-2026","13:43:33","gen37","Engineer at site","29/09/2026 13:43:26  gen37
TESTING BY ENGINEER, CONFIRMED BY TWOWAY COMMUNICATION, ALL OK.","CLOSED"
"BM5995","IIFL_BM5995_GHAZIABAD SANJAY NAGAR_UP  ","Panic Switch Wireless Alert","29-09-2026","13:44:18","gen37","Engineer at site","29/09/2026 13:44:14  gen37
TESTING BY ENGINEER , CONFIRMED BY TWOWAY COMMUNICATION , ALL OK.","CLOSED"
"BM5995","IIFL_BM5995_GHAZIABAD SANJAY NAGAR_UP  ","Panic Washroom Alert","29-09-2026","13:44:39","gen37","Engineer at site","29/09/2026 13:44:35  gen37
TESTING BY ENGINEER , CONFIRMED BY TWOWAY COMMUNICATION , ALL OK.","CLOSED"
"BM5995","IIFL_BM5995_GHAZIABAD SANJAY NAGAR_UP  ","Panic Valuer Desk Alert","29-09-2026","13:45:01","gen37","Engineer at site","29/09/2026 13:44:58  gen37
TESTING BY ENGINEER , CONFIRMED BY TWOWAY COMMUNICATION , ALL OK.","CLOSED"
"BM5995","IIFL_BM5995_GHAZIABAD SANJAY NAGAR_UP  ","Panic Vault Room Alert","29-09-2026","14:04:15","gen20","Engineer at site","29/09/2026 14:04:11  gen20
WORK IN PROGRESS, ENGINEER AT SITE.  CONFIRMED BY KC1  6397010735","CLOSED"
"BM5995","IIFL_BM5995_GHAZIABAD SANJAY NAGAR_UP  ","Panic Switch Wireless Alert","29-09-2026","14:18:23","gen16","Engineer at site","29/09/2026 14:17:33  gen16
WORK IN PROGRESS, ENGINEER AT SITE.

29/09/2026 14:18:17  gen16
CONFIRMED BY KC 1 9953636699","CLOSED"
"BM5995","IIFL_BM5995_GHAZIABAD SANJAY NAGAR_UP  ","Emergency Relese Button Alert","29-09-2026","14:18:44","gen16","Engineer at site","29/09/2026 14:18:40  gen16
WORK IN PROGRESS, ENGINEER AT SITE.","CLOSED"
"BM5995","IIFL_BM5995_GHAZIABAD SANJAY NAGAR_UP  ","Panic Switch Wireless Alert","29-09-2026","14:20:00","iifl2","Engineer at site","","CLOSED"
"BM5995","IIFL_BM5995_GHAZIABAD SANJAY NAGAR_UP  ","Panic Vault Room Alert","29-09-2026","14:58:08","gen8","Engineer at site","","CLOSED"
"BM5995","IIFL_BM5995_GHAZIABAD SANJAY NAGAR_UP  ","Panic Vault Room Alert","29-09-2026","14:58:08","gen8","Engineer at site","","CLOSED"
"BM5995","IIFL_BM5995_GHAZIABAD SANJAY NAGAR_UP  ","Panic Vault Room Alert","29-09-2026","14:58:08","gen8","Engineer at site","","CLOSED"
"BM6260","IIFL_BM6260_HAJIPUR_BR  ","Panic Washroom Alert","29-09-2026","14:02:42","gen35","Engineer at site","29/09/2026 14:02:26  gen35
WORK IN PROGRESS, ENGINEER AT SITE.  CONFIRMED BY TWO COMMUNICATION","CLOSED"
"BM6337","IIFL_BM6337_MIDNAPUR_CHANDIPUR_WB  ","Emergency Relese Button Alert","29-09-2026","11:40:52","gen35","Engineer at site","29/09/2026 11:40:49  gen35
WORK IN PROGRESS, ENGINEER AT SITE.   CONFIRMED BY KC 1 09932986981","CLOSED"
"BM6337","IIFL_BM6337_MIDNAPUR_CHANDIPUR_WB  ","Panic Customer Executive Alert","29-09-2026","12:15:29","gen40","Engineer at site","29/09/2026 12:15:20  gen40
WORK IN PROGRESS, ENGINEER AT SITE. CONFIRMED BY TWO WAY COMMUNICATION AND KC 1 9932986981","CLOSED"
"BM6337","IIFL_BM6337_MIDNAPUR_CHANDIPUR_WB  ","Panic Switch Wireless Alert","29-09-2026","12:18:14","gen16","Engineer at site","29/09/2026 12:18:10  gen16
WORK IN PROGRESS, ENGINEER AT SITE.","CLOSED"
"BM6337","IIFL_BM6337_MIDNAPUR_CHANDIPUR_WB  ","Panic BM Cabin Alert","29-09-2026","12:18:39","gen16","Engineer at site","29/09/2026 12:18:33  gen16
WORK IN PROGRESS, ENGINEER AT SITE.","CLOSED"
"BM6337","IIFL_BM6337_MIDNAPUR_CHANDIPUR_WB  ","Emergency Relese Button Alert","29-09-2026","12:19:09","gen16","Engineer at site","29/09/2026 12:19:04  gen16
WORK IN PROGRESS, ENGINEER AT SITE.","CLOSED"
"BM6337","IIFL_BM6337_MIDNAPUR_CHANDIPUR_WB  ","Panic Washroom Alert","29-09-2026","12:43:22","gen13","Engineer at site","","CLOSED"
"BM6337","IIFL_BM6337_MIDNAPUR_CHANDIPUR_WB  ","Panic Washroom Alert","29-09-2026","12:43:47","gen13","Engineer at site","","CLOSED"
"BM6337","IIFL_BM6337_MIDNAPUR_CHANDIPUR_WB  ","Panic Vault Room Alert","29-09-2026","12:46:42","gen35","Engineer at site","","CLOSED"
"BM6337","IIFL_BM6337_MIDNAPUR_CHANDIPUR_WB  ","Panic Valuer Desk Alert","29-09-2026","13:01:17","gen13","Engineer at site","","CLOSED"
"BM6867","IIFL_BM6867_FAIZABAD REKABGANJ_UP  ","Panic Washroom Alert","29-09-2026","11:25:44","iifl2","Engineer at site","","CLOSED"
"BM6867","IIFL_BM6867_FAIZABAD REKABGANJ_UP  ","Emergency Relese Button Alert","29-09-2026","11:26:29","gen37","Engineer at site","29/09/2026 11:26:24  gen37
TESTING BY ENGINEER, CONFIRMED BY TWOWAY COMMUNICATION , ALL OK.","CLOSED"
"BM6867","IIFL_BM6867_FAIZABAD REKABGANJ_UP  ","Panic Washroom Alert","29-09-2026","11:47:54","gen3","Engineer at site","29/09/2026 11:47:51  gen3
WORK IN PROGRESS, ENGINEER AT SITE.","CLOSED"
"BM6867","IIFL_BM6867_FAIZABAD REKABGANJ_UP  ","Panic Vault Room Alert","29-09-2026","12:20:58","gen8","Engineer at site","","CLOSED"
"BM6867","IIFL_BM6867_FAIZABAD REKABGANJ_UP  ","Emergency Relese Button Alert","29-09-2026","12:32:13","gen49","Engineer at site","","CLOSED"
"BM6972","IIFL_BM6972_ETAWA_ETAWAH HARSHNAGAR_UP  ","Panic Customer Executive Alert","29-09-2026","15:20:07","gen37","Audit Check","29/09/2026 15:20:01  gen37
TESTING BY AUDITOR SIR, CONFIRMED BY KEY CUSTOODIAN 3 09758758785 , ALL OK.","CLOSED"
"BM6972","IIFL_BM6972_ETAWA_ETAWAH HARSHNAGAR_UP  ","Panic BM Cabin Alert","29-09-2026","15:20:36","gen37","Audit Check","29/09/2026 15:20:30  gen37
TESTING BY AUDITOR SIR, CONFIRMED BY KEY CUSTOODIAN 3 09758758785 , ALL OK.","CLOSED"
"BM6972","IIFL_BM6972_ETAWA_ETAWAH HARSHNAGAR_UP  ","Panic Valuer Desk Alert","29-09-2026","15:21:05","gen37","Audit Check","29/09/2026 15:20:56  gen37
TESTING BY AUDITOR SIR, CONFIRMED BY KEY CUSTOODIAN 3 09758758785 , ALL OK.","CLOSED"
"BM7339","IIFL_BM7339_AGRA_BODLA ROAD_UP  ","Panic Customer Executive Alert","29-09-2026","13:52:54","gen20","Audit Check","29/09/2026 13:52:49  gen20
TESTING BY AUDITOR SIR, CONFIRMED BY TWO WAY COMMUNICATION","CLOSED"
"BM7339","IIFL_BM7339_AGRA_BODLA ROAD_UP  ","Panic Washroom Alert","29-09-2026","13:53:13","iifl2","Audit Check","29/09/2026 13:52:55  iifl2
TESTING,   BY AUDITOR CONFIRMED BY TWO WAY  COMMUNATION  , ALL OK.","CLOSED"
"BM7339","IIFL_BM7339_AGRA_BODLA ROAD_UP  ","Panic Valuer Desk Alert","29-09-2026","13:54:49","gen36","Audit Check","29/09/2026 13:54:44  gen36
TESTING AUDITOR SIR , CONFIRMED BY TWOWAY COMMUNICATION, ALL OK.","CLOSED"
"BM7339","IIFL_BM7339_AGRA_BODLA ROAD_UP  ","Panic BM Cabin Alert","29-09-2026","13:55:40","gen35","Audit Check","29/09/2026 13:55:27  gen35
TESTING,  BY   AUDITOR  CONFIRMED BY   TWO WAY COMMUNICATION","CLOSED"
"BM7339","IIFL_BM7339_AGRA_BODLA ROAD_UP  ","Panic Valuer Desk Alert","29-09-2026","13:56:06","gen36","Audit Check","29/09/2026 13:56:02  gen36
TESTING AUDITOR SIR, CONFIRMED BY TWOWAY COMMUNICATION, ALL OK.","CLOSED"
"BM8137","IIFL_BM8137_ALIPURDUAR ALIPURDUAR_WB  ","Panic Vault Room Alert","29-09-2026","15:17:12","gen39","Vigilance check","29/09/2026 15:16:20  gen39
TESTING,BY SO SIR  CONFIRMED BY KEY CUSTOODIAN 8617485255   ALL OK.","CLOSED"
"BM8137","IIFL_BM8137_ALIPURDUAR ALIPURDUAR_WB  ","Panic BM Cabin Alert","29-09-2026","15:23:20","gen15","Vigilance Security Check","29/09/2026 15:22:55  gen15
TESTING,  BY  SO  SIR CONFIRMED BY  TWOWAY  ALL OK.","CLOSED"
